,Sector,Year,FDI(in USD),Exchange_rate,FDI(in INR)
0,METALLURGICAL INDUSTRIES,2000-01,22.69,44.94772745901639,1019.863936045082
1,MINING,2000-01,1.32,44.94772745901639,59.33100024590164
2,POWER,2000-01,89.42,44.94772745901639,4019.2257893852457
3,NON-CONVENTIONAL ENERGY,2000-01,0.0,44.94772745901639,0.0
4,COAL PRODUCTION,2000-01,0.0,44.94772745901639,0.0
5,PETROLEUM & NATURAL GAS,2000-01,9.35,44.94772745901639,420.2612517418032
6,BOILERS AND STEAM GENERATING PLANTS,2000-01,0.0,44.94772745901639,0.0
7,PRIME MOVER,2000-01,0.0,44.94772745901639,0.0
8,ELECTRICAL EQUIPMENTS,2000-01,79.76,44.94772745901639,3585.0307421311477
9,COMPUTER SOFTWARE & HARDWARE,2000-01,228.39,44.94772745901639,10265.611474364752
10,ELECTRONICS,2000-01,8.34,44.94772745901639,374.8640470081967
11,TELECOMMUNICATIONS,2000-01,177.69,44.94772745901639,7986.761692192623
12,INFORMATION & BROADCASTING,2000-01,81.5,44.94772745901639,3663.2397879098357
13,AUTOMOBILE INDUSTRY,2000-01,195.33,44.94772745901639,8779.639604569673
14,AIR TRANSPORT,2000-01,0.0,44.94772745901639,0.0
15,SEA TRANSPORT,2000-01,2.41,44.94772745901639,108.32402317622952
16,PORTS,2000-01,0.0,44.94772745901639,0.0
17,RAILWAY RELATED COMPONENTS,2000-01,0.0,44.94772745901639,0.0
18,INDUSTRIAL MACHINERY,2000-01,5.48,44.94772745901639,246.31354647540985
19,MACHINE TOOLS,2000-01,1.42,44.94772745901639,63.82577299180327
20,AGRICULTURAL MACHINERY,2000-01,3.64,44.94772745901639,163.60972795081966
21,EARTH-MOVING MACHINERY,2000-01,0.0,44.94772745901639,0.0
22,MISCELLANEOUS MECHANICAL & ENGINEERING INDUSTRIES,2000-01,44.5,44.94772745901639,2000.1738719262294
23,"COMMERCIAL, OFFICE & HOUSEHOLD EQUIPMENTS",2000-01,12.2,44.94772745901639,548.362275
24,MEDICAL AND SURGICAL APPLIANCES,2000-01,5.42,44.94772745901639,243.61668282786883
25,INDUSTRIAL INSTRUMENTS,2000-01,1.01,44.94772745901639,45.39720473360656
26,SCIENTIFIC INSTRUMENTS,2000-01,8.07,44.94772745901639,362.7281605942623
27,"MATHEMATICAL,SURVEYING AND DRAWING INSTRUMENTS",2000-01,0.0,44.94772745901639,0.0
28,FERTILIZERS,2000-01,0.0,44.94772745901639,0.0
29,CHEMICALS,2000-01,111.14,44.94772745901639,4995.490429795082
30,PHOTOGRAPHIC RAW FILM AND PAPER,2000-01,0.0,44.94772745901639,0.0
31,DYE-STUFFS,2000-01,1.05,44.94772745901639,47.19511383196721
32,DRUGS & PHARMACEUTICALS,2000-01,35.94,44.94772745901639,1615.421324877049
33,TEXTILES,2000-01,2.06,44.94772745901639,92.59231856557376
34,PAPER AND PULP,2000-01,60.04,44.94772745901639,2698.6615566393443
35,SUGAR,2000-01,0.0,44.94772745901639,0.0
36,FERMENTATION INDUSTRIES,2000-01,16.02,44.94772745901639,720.0625938934426
37,FOOD PROCESSING INDUSTRIES,2000-01,45.75,44.94772745901639,2056.35853125
38,VEGETABLE OILS AND VANASPATI,2000-01,0.0,44.94772745901639,0.0
39,"SOAPS, COSMETICS & TOILET PREPARATIONS",2000-01,0.0,44.94772745901639,0.0
40,RUBBER GOODS,2000-01,0.1,44.94772745901639,4.494772745901639
41,"LEATHER,LEATHER GOODS AND PICKERS",2000-01,9.75,44.94772745901639,438.24034272540985
42,GLUE AND GELATIN,2000-01,0.0,44.94772745901639,0.0
43,GLASS,2000-01,33.87,44.94772745901639,1522.379529036885
44,CERAMICS,2000-01,4.03,44.94772745901639,181.13934165983608
45,CEMENT AND GYPSUM PRODUCTS,2000-01,67.72,44.94772745901639,3043.86010352459
46,TIMBER PRODUCTS,2000-01,0.0,44.94772745901639,0.0
47,DEFENCE INDUSTRIES,2000-01,0.0,44.94772745901639,0.0
48,CONSULTANCY SERVICES,2000-01,4.25,44.94772745901639,191.02784170081966
49,SERVICES SECTOR,2000-01,71.38,44.94772745901639,3208.36878602459
50,HOSPITAL & DIAGNOSTIC CENTRES,2000-01,0.0,44.94772745901639,0.0
51,EDUCATION,2000-01,0.0,44.94772745901639,0.0
52,HOTEL & TOURISM,2000-01,13.2,44.94772745901639,593.3100024590163
53,TRADING,2000-01,11.49,44.94772745901639,516.4493885040984
54,RETAIL TRADING,2000-01,0.0,44.94772745901639,0.0
55,AGRICULTURE SERVICES,2000-01,17.52,44.94772745901639,787.4841850819672
56,"DIAMOND,GOLD ORNAMENTS",2000-01,18.83,44.94772745901639,846.3657080532786
57,TEA AND COFFEE,2000-01,20.23,44.94772745901639,909.2925264959016
58,PRINTING OF BOOKS,2000-01,0.0,44.94772745901639,0.0
59,COIR,2000-01,0.0,44.94772745901639,0.0
60,CONSTRUCTION,2000-01,0.0,44.94772745901639,0.0
61,CONSTRUCTION DEVELOPMENT,2000-01,24.33,44.94772745901639,1093.5782090778687
62,MISCELLANEOUS INDUSTRIES,2000-01,832.07,44.94772745901639,37399.65558682377
63,METALLURGICAL INDUSTRIES,2001-02,14.14,47.18836820083682,667.2435263598327
64,MINING,2001-02,6.52,47.18836820083682,307.66816066945603
65,POWER,2001-02,757.44,47.18836820083682,35742.35761004184
66,NON-CONVENTIONAL ENERGY,2001-02,0.0,47.18836820083682,0.0
67,COAL PRODUCTION,2001-02,0.0,47.18836820083682,0.0
68,PETROLEUM & NATURAL GAS,2001-02,211.07,47.18836820083682,9960.048876150628
69,BOILERS AND STEAM GENERATING PLANTS,2001-02,0.0,47.18836820083682,0.0
70,PRIME MOVER,2001-02,0.0,47.18836820083682,0.0
71,ELECTRICAL EQUIPMENTS,2001-02,65.76,47.18836820083682,3103.1070928870295
72,COMPUTER SOFTWARE & HARDWARE,2001-02,419.39,47.18836820083682,19790.32973974895
73,ELECTRONICS,2001-02,12.47,47.18836820083682,588.4389514644351
74,TELECOMMUNICATIONS,2001-02,873.23,47.18836820083682,41206.298764016734
75,INFORMATION & BROADCASTING,2001-02,4.54,47.18836820083682,214.23519163179915
76,AUTOMOBILE INDUSTRY,2001-02,235.76,47.18836820083682,11125.129687029288
77,AIR TRANSPORT,2001-02,0.0,47.18836820083682,0.0
78,SEA TRANSPORT,2001-02,19.81,47.18836820083682,934.8015740585773
79,PORTS,2001-02,15.48,47.18836820083682,730.475939748954
80,RAILWAY RELATED COMPONENTS,2001-02,0.0,47.18836820083682,0.0
81,INDUSTRIAL MACHINERY,2001-02,32.04,47.18836820083682,1511.9153171548116
82,MACHINE TOOLS,2001-02,4.31,47.18836820083682,203.38186694560667
83,AGRICULTURAL MACHINERY,2001-02,1.04,47.18836820083682,49.07590292887029
84,EARTH-MOVING MACHINERY,2001-02,0.11,47.18836820083682,5.19072050209205
85,MISCELLANEOUS MECHANICAL & ENGINEERING INDUSTRIES,2001-02,61.4,47.18836820083682,2897.3658075313806
86,"COMMERCIAL, OFFICE & HOUSEHOLD EQUIPMENTS",2001-02,4.87,47.18836820083682,229.8073531380753
87,MEDICAL AND SURGICAL APPLIANCES,2001-02,42.35,47.18836820083682,1998.4273933054394
88,INDUSTRIAL INSTRUMENTS,2001-02,5.07,47.18836820083682,239.2450267782427
89,SCIENTIFIC INSTRUMENTS,2001-02,2.33,47.18836820083682,109.9488979079498
90,"MATHEMATICAL,SURVEYING AND DRAWING INSTRUMENTS",2001-02,0.0,47.18836820083682,0.0
91,FERTILIZERS,2001-02,0.0,47.18836820083682,0.0
92,CHEMICALS,2001-02,87.23,47.18836820083682,4116.241358158996
93,PHOTOGRAPHIC RAW FILM AND PAPER,2001-02,0.0,47.18836820083682,0.0
94,DYE-STUFFS,2001-02,0.18,47.18836820083682,8.493906276150627
95,DRUGS & PHARMACEUTICALS,2001-02,77.94,47.18836820083682,3677.861417573222
96,TEXTILES,2001-02,5.28,47.18836820083682,249.15458410041842
97,PAPER AND PULP,2001-02,16.7,47.18836820083682,788.0457489539749
98,SUGAR,2001-02,0.0,47.18836820083682,0.0
99,FERMENTATION INDUSTRIES,2001-02,11.04,47.18836820083682,520.9595849372384
100,FOOD PROCESSING INDUSTRIES,2001-02,219.39,47.18836820083682,10352.656099581589
101,VEGETABLE OILS AND VANASPATI,2001-02,0.0,47.18836820083682,0.0
102,"SOAPS, COSMETICS & TOILET PREPARATIONS",2001-02,0.0,47.18836820083682,0.0
103,RUBBER GOODS,2001-02,46.39,47.18836820083682,2189.0684008368203
104,"LEATHER,LEATHER GOODS AND PICKERS",2001-02,0.2,47.18836820083682,9.437673640167365
105,GLUE AND GELATIN,2001-02,0.94,47.18836820083682,44.35706610878661
106,GLASS,2001-02,8.37,47.18836820083682,394.96664184100416
107,CERAMICS,2001-02,0.78,47.18836820083682,36.80692719665272
108,CEMENT AND GYPSUM PRODUCTS,2001-02,139.9,47.18836820083682,6601.652711297072
109,TIMBER PRODUCTS,2001-02,0.05,47.18836820083682,2.359418410041841
110,DEFENCE INDUSTRIES,2001-02,0.0,47.18836820083682,0.0
111,CONSULTANCY SERVICES,2001-02,66.22,47.18836820083682,3124.813742259414
112,SERVICES SECTOR,2001-02,187.95,47.18836820083682,8869.05380334728
113,HOSPITAL & DIAGNOSTIC CENTRES,2001-02,6.93,47.18836820083682,327.01539163179916
114,EDUCATION,2001-02,0.0,47.18836820083682,0.0
115,HOTEL & TOURISM,2001-02,32.12,47.18836820083682,1515.6903866108785
116,TRADING,2001-02,43.27,47.18836820083682,2041.8406920502093
117,RETAIL TRADING,2001-02,0.0,47.18836820083682,0.0
118,AGRICULTURE SERVICES,2001-02,14.06,47.18836820083682,663.4684569037657
119,"DIAMOND,GOLD ORNAMENTS",2001-02,0.36,47.18836820083682,16.987812552301254
120,TEA AND COFFEE,2001-02,0.14,47.18836820083682,6.606371548117155
121,PRINTING OF BOOKS,2001-02,0.0,47.18836820083682,0.0
122,COIR,2001-02,0.0,47.18836820083682,0.0
123,CONSTRUCTION,2001-02,0.0,47.18836820083682,0.0
124,CONSTRUCTION DEVELOPMENT,2001-02,51.75,47.18836820083682,2441.998054393305
125,MISCELLANEOUS INDUSTRIES,2001-02,221.37,47.18836820083682,10446.089068619247
126,METALLURGICAL INDUSTRIES,2002-03,36.61,48.59923076923077,1779.2178384615386
127,MINING,2002-03,10.06,48.59923076923077,488.9082615384616
128,POWER,2002-03,59.11,48.59923076923077,2872.7005307692307
129,NON-CONVENTIONAL ENERGY,2002-03,1.7,48.59923076923077,82.61869230769231
130,COAL PRODUCTION,2002-03,0.0,48.59923076923077,0.0
131,PETROLEUM & NATURAL GAS,2002-03,56.78,48.59923076923077,2759.4643230769234
132,BOILERS AND STEAM GENERATING PLANTS,2002-03,0.0,48.59923076923077,0.0
133,PRIME MOVER,2002-03,0.0,48.59923076923077,0.0
134,ELECTRICAL EQUIPMENTS,2002-03,34.71,48.59923076923077,1686.8793
135,COMPUTER SOFTWARE & HARDWARE,2002-03,314.24,48.59923076923077,15271.822276923078
136,ELECTRONICS,2002-03,295.88,48.59923076923077,14379.5404
137,TELECOMMUNICATIONS,2002-03,191.6,48.59923076923077,9311.612615384616
138,INFORMATION & BROADCASTING,2002-03,36.5,48.59923076923077,1773.8719230769232
139,AUTOMOBILE INDUSTRY,2002-03,419.96,48.59923076923077,20409.732953846153
140,AIR TRANSPORT,2002-03,3.8,48.59923076923077,184.67707692307692
141,SEA TRANSPORT,2002-03,29.32,48.59923076923077,1424.9294461538464
142,PORTS,2002-03,2.03,48.59923076923077,98.65643846153846
143,RAILWAY RELATED COMPONENTS,2002-03,0.56,48.59923076923077,27.215569230769233
144,INDUSTRIAL MACHINERY,2002-03,19.4,48.59923076923077,942.825076923077
145,MACHINE TOOLS,2002-03,14.17,48.59923076923077,688.6511
146,AGRICULTURAL MACHINERY,2002-03,13.48,48.59923076923077,655.1176307692308
147,EARTH-MOVING MACHINERY,2002-03,13.77,48.59923076923077,669.2114076923077
148,MISCELLANEOUS MECHANICAL & ENGINEERING INDUSTRIES,2002-03,45.07,48.59923076923077,2190.367330769231
149,"COMMERCIAL, OFFICE & HOUSEHOLD EQUIPMENTS",2002-03,2.33,48.59923076923077,113.2362076923077
150,MEDICAL AND SURGICAL APPLIANCES,2002-03,21.63,48.59923076923077,1051.2013615384615
151,INDUSTRIAL INSTRUMENTS,2002-03,1.31,48.59923076923077,63.664992307692316
152,SCIENTIFIC INSTRUMENTS,2002-03,0.19,48.59923076923077,9.233853846153847
153,"MATHEMATICAL,SURVEYING AND DRAWING INSTRUMENTS",2002-03,0.0,48.59923076923077,0.0
154,FERTILIZERS,2002-03,16.38,48.59923076923077,796.0554
155,CHEMICALS,2002-03,128.12,48.59923076923077,6226.533446153847
156,PHOTOGRAPHIC RAW FILM AND PAPER,2002-03,0.6,48.59923076923077,29.15953846153846
157,DYE-STUFFS,2002-03,0.0,48.59923076923077,0.0
158,DRUGS & PHARMACEUTICALS,2002-03,40.07,48.59923076923077,1947.371176923077
159,TEXTILES,2002-03,54.18,48.59923076923077,2633.106323076923
160,PAPER AND PULP,2002-03,7.36,48.59923076923077,357.6903384615385
161,SUGAR,2002-03,3.97,48.59923076923077,192.93894615384616
162,FERMENTATION INDUSTRIES,2002-03,8.07,48.59923076923077,392.19579230769233
163,FOOD PROCESSING INDUSTRIES,2002-03,36.88,48.59923076923077,1792.339630769231
164,VEGETABLE OILS AND VANASPATI,2002-03,0.0,48.59923076923077,0.0
165,"SOAPS, COSMETICS & TOILET PREPARATIONS",2002-03,0.0,48.59923076923077,0.0
166,RUBBER GOODS,2002-03,16.42,48.59923076923077,797.9993692307694
167,"LEATHER,LEATHER GOODS AND PICKERS",2002-03,0.01,48.59923076923077,0.4859923076923077
168,GLUE AND GELATIN,2002-03,5.22,48.59923076923077,253.6879846153846
169,GLASS,2002-03,44.98,48.59923076923077,2185.9934
170,CERAMICS,2002-03,0.21,48.59923076923077,10.205838461538463
171,CEMENT AND GYPSUM PRODUCTS,2002-03,21.08,48.59923076923077,1024.4717846153846
172,TIMBER PRODUCTS,2002-03,0.04,48.59923076923077,1.943969230769231
173,DEFENCE INDUSTRIES,2002-03,0.0,48.59923076923077,0.0
174,CONSULTANCY SERVICES,2002-03,25.7,48.59923076923077,1249.0002307692307
175,SERVICES SECTOR,2002-03,296.34,48.59923076923077,14401.896046153846
176,HOSPITAL & DIAGNOSTIC CENTRES,2002-03,29.13,48.59923076923077,1415.6955923076923
177,EDUCATION,2002-03,0.0,48.59923076923077,0.0
178,HOTEL & TOURISM,2002-03,33.75,48.59923076923077,1640.2240384615386
179,TRADING,2002-03,38.13,48.59923076923077,1853.0886692307695
180,RETAIL TRADING,2002-03,0.0,48.59923076923077,0.0
181,AGRICULTURE SERVICES,2002-03,11.01,48.59923076923077,535.0775307692307
182,"DIAMOND,GOLD ORNAMENTS",2002-03,1.3,48.59923076923077,63.17900000000001
183,TEA AND COFFEE,2002-03,0.0,48.59923076923077,0.0
184,PRINTING OF BOOKS,2002-03,6.3,48.59923076923077,306.1751538461539
185,COIR,2002-03,0.0,48.59923076923077,0.0
186,CONSTRUCTION,2002-03,0.0,48.59923076923077,0.0
187,CONSTRUCTION DEVELOPMENT,2002-03,36.1,48.59923076923077,1754.432230769231
188,MISCELLANEOUS INDUSTRIES,2002-03,218.76,48.59923076923077,10631.567723076923
189,METALLURGICAL INDUSTRIES,2003-04,8.11,46.55508196721312,377.5617147540984
190,MINING,2003-04,23.48,46.55508196721312,1093.113324590164
191,POWER,2003-04,27.09,46.55508196721312,1261.1771704918035
192,NON-CONVENTIONAL ENERGY,2003-04,4.14,46.55508196721312,192.7380393442623
193,COAL PRODUCTION,2003-04,0.04,46.55508196721312,1.8622032786885248
194,PETROLEUM & NATURAL GAS,2003-04,80.64,46.55508196721312,3754.201809836066
195,BOILERS AND STEAM GENERATING PLANTS,2003-04,0.04,46.55508196721312,1.8622032786885248
196,PRIME MOVER,2003-04,0.0,46.55508196721312,0.0
197,ELECTRICAL EQUIPMENTS,2003-04,73.2,46.55508196721312,3407.8320000000003
198,COMPUTER SOFTWARE & HARDWARE,2003-04,368.32,46.55508196721312,17147.167790163938
199,ELECTRONICS,2003-04,82.31,46.55508196721312,3831.948796721312
200,TELECOMMUNICATIONS,2003-04,86.49,46.55508196721312,4026.5490393442624
201,INFORMATION & BROADCASTING,2003-04,13.72,46.55508196721312,638.7357245901641
202,AUTOMOBILE INDUSTRY,2003-04,119.09,46.55508196721312,5544.24471147541
203,AIR TRANSPORT,2003-04,0.94,46.55508196721312,43.76177704918033
204,SEA TRANSPORT,2003-04,21.95,46.55508196721312,1021.8840491803279
205,PORTS,2003-04,116.36,46.55508196721312,5417.149337704918
206,RAILWAY RELATED COMPONENTS,2003-04,2.95,46.55508196721312,137.3374918032787
207,INDUSTRIAL MACHINERY,2003-04,3.18,46.55508196721312,148.04516065573773
208,MACHINE TOOLS,2003-04,54.51,46.55508196721312,2537.717518032787
209,AGRICULTURAL MACHINERY,2003-04,47.54,46.55508196721312,2213.2285967213115
210,EARTH-MOVING MACHINERY,2003-04,0.01,46.55508196721312,0.4655508196721312
211,MISCELLANEOUS MECHANICAL & ENGINEERING INDUSTRIES,2003-04,22.73,46.55508196721312,1058.1970131147543
212,"COMMERCIAL, OFFICE & HOUSEHOLD EQUIPMENTS",2003-04,10.41,46.55508196721312,484.6384032786886
213,MEDICAL AND SURGICAL APPLIANCES,2003-04,1.97,46.55508196721312,91.71351147540985
214,INDUSTRIAL INSTRUMENTS,2003-04,0.3,46.55508196721312,13.966524590163935
215,SCIENTIFIC INSTRUMENTS,2003-04,0.02,46.55508196721312,0.9311016393442624
216,"MATHEMATICAL,SURVEYING AND DRAWING INSTRUMENTS",2003-04,0.0,46.55508196721312,0.0
217,FERTILIZERS,2003-04,21.58,46.55508196721312,1004.6586688524591
218,CHEMICALS,2003-04,20.24,46.55508196721312,942.2748590163935
219,PHOTOGRAPHIC RAW FILM AND PAPER,2003-04,0.24,46.55508196721312,11.173219672131149
220,DYE-STUFFS,2003-04,0.43,46.55508196721312,20.01868524590164
221,DRUGS & PHARMACEUTICALS,2003-04,108.91,46.55508196721312,5070.313977049181
222,TEXTILES,2003-04,9.34,46.55508196721312,434.8244655737705
223,PAPER AND PULP,2003-04,7.15,46.55508196721312,332.8688360655738
224,SUGAR,2003-04,0.0,46.55508196721312,0.0
225,FERMENTATION INDUSTRIES,2003-04,1.7,46.55508196721312,79.1436393442623
226,FOOD PROCESSING INDUSTRIES,2003-04,109.22,46.55508196721312,5084.746052459017
227,VEGETABLE OILS AND VANASPATI,2003-04,1.69,46.55508196721312,78.67808852459017
228,"SOAPS, COSMETICS & TOILET PREPARATIONS",2003-04,0.0,46.55508196721312,0.0
229,RUBBER GOODS,2003-04,6.37,46.55508196721312,296.55587213114757
230,"LEATHER,LEATHER GOODS AND PICKERS",2003-04,7.55,46.55508196721312,351.4908688524591
231,GLUE AND GELATIN,2003-04,0.0,46.55508196721312,0.0
232,GLASS,2003-04,5.24,46.55508196721312,243.94862950819675
233,CERAMICS,2003-04,1.47,46.55508196721312,68.43597049180329
234,CEMENT AND GYPSUM PRODUCTS,2003-04,9.58,46.55508196721312,445.99768524590166
235,TIMBER PRODUCTS,2003-04,0.11,46.55508196721312,5.121059016393443
236,DEFENCE INDUSTRIES,2003-04,0.0,46.55508196721312,0.0
237,CONSULTANCY SERVICES,2003-04,46.2,46.55508196721312,2150.8447868852463
238,SERVICES SECTOR,2003-04,271.15,46.55508196721312,12623.410475409837
239,HOSPITAL & DIAGNOSTIC CENTRES,2003-04,24.08,46.55508196721312,1121.0463737704918
240,EDUCATION,2003-04,0.19,46.55508196721312,8.845465573770493
241,HOTEL & TOURISM,2003-04,49.36,46.55508196721312,2297.9588459016395
242,TRADING,2003-04,31.12,46.55508196721312,1448.7941508196723
243,RETAIL TRADING,2003-04,0.0,46.55508196721312,0.0
244,AGRICULTURE SERVICES,2003-04,0.59,46.55508196721312,27.46749836065574
245,"DIAMOND,GOLD ORNAMENTS",2003-04,1.96,46.55508196721312,91.24796065573771
246,TEA AND COFFEE,2003-04,0.32,46.55508196721312,14.897626229508198
247,PRINTING OF BOOKS,2003-04,0.0,46.55508196721312,0.0
248,COIR,2003-04,0.0,46.55508196721312,0.0
249,CONSTRUCTION,2003-04,0.0,46.55508196721312,0.0
250,CONSTRUCTION DEVELOPMENT,2003-04,47.04,46.55508196721312,2189.9510557377052
251,MISCELLANEOUS INDUSTRIES,2003-04,235.48,46.55508196721312,10962.790701639346
252,METALLURGICAL INDUSTRIES,2004-05,200.38,45.327183673469385,9082.661064489796
253,MINING,2004-05,9.92,45.327183673469385,449.6456620408163
254,POWER,2004-05,43.37,45.327183673469385,1965.8399559183672
255,NON-CONVENTIONAL ENERGY,2004-05,1.27,45.327183673469385,57.56552326530612
256,COAL PRODUCTION,2004-05,0.0,45.327183673469385,0.0
257,PETROLEUM & NATURAL GAS,2004-05,102.78,45.327183673469385,4658.727937959184
258,BOILERS AND STEAM GENERATING PLANTS,2004-05,0.54,45.327183673469385,24.47667918367347
259,PRIME MOVER,2004-05,2.66,45.327183673469385,120.57030857142857
260,ELECTRICAL EQUIPMENTS,2004-05,97.4,45.327183673469385,4414.8676897959185
261,COMPUTER SOFTWARE & HARDWARE,2004-05,527.9,45.327183673469385,23928.220261224487
262,ELECTRONICS,2004-05,88.1,45.327183673469385,3993.3248816326527
263,TELECOMMUNICATIONS,2004-05,118.33,45.327183673469385,5363.565644081632
264,INFORMATION & BROADCASTING,2004-05,9.85,45.327183673469385,446.4727591836734
265,AUTOMOBILE INDUSTRY,2004-05,121.97,45.327183673469385,5528.556592653061
266,AIR TRANSPORT,2004-05,4.11,45.327183673469385,186.29472489795918
267,SEA TRANSPORT,2004-05,36.95,45.327183673469385,1674.839436734694
268,PORTS,2004-05,13.04,45.327183673469385,591.0664751020407
269,RAILWAY RELATED COMPONENTS,2004-05,10.75,45.327183673469385,487.26722448979586
270,INDUSTRIAL MACHINERY,2004-05,8.89,45.327183673469385,402.9586628571429
271,MACHINE TOOLS,2004-05,11.04,45.327183673469385,500.412107755102
272,AGRICULTURAL MACHINERY,2004-05,0.0,45.327183673469385,0.0
273,EARTH-MOVING MACHINERY,2004-05,0.1,45.327183673469385,4.532718367346939
274,MISCELLANEOUS MECHANICAL & ENGINEERING INDUSTRIES,2004-05,12.83,45.327183673469385,581.5477665306122
275,"COMMERCIAL, OFFICE & HOUSEHOLD EQUIPMENTS",2004-05,14.13,45.327183673469385,640.4731053061224
276,MEDICAL AND SURGICAL APPLIANCES,2004-05,5.35,45.327183673469385,242.50043265306118
277,INDUSTRIAL INSTRUMENTS,2004-05,1.08,45.327183673469385,48.95335836734694
278,SCIENTIFIC INSTRUMENTS,2004-05,0.03,45.327183673469385,1.3598155102040814
279,"MATHEMATICAL,SURVEYING AND DRAWING INSTRUMENTS",2004-05,0.0,45.327183673469385,0.0
280,FERTILIZERS,2004-05,13.46,45.327183673469385,610.1038922448979
281,CHEMICALS,2004-05,69.39,45.327183673469385,3145.253275102041
282,PHOTOGRAPHIC RAW FILM AND PAPER,2004-05,6.16,45.327183673469385,279.21545142857144
283,DYE-STUFFS,2004-05,1.18,45.327183673469385,53.486076734693874
284,DRUGS & PHARMACEUTICALS,2004-05,293.36,45.327183673469385,13297.18260244898
285,TEXTILES,2004-05,43.04,45.327183673469385,1950.8819853061223
286,PAPER AND PULP,2004-05,2.7,45.327183673469385,122.38339591836734
287,SUGAR,2004-05,2.94,45.327183673469385,133.26192
288,FERMENTATION INDUSTRIES,2004-05,139.0,45.327183673469385,6300.478530612245
289,FOOD PROCESSING INDUSTRIES,2004-05,43.98,45.327183673469385,1993.4895379591835
290,VEGETABLE OILS AND VANASPATI,2004-05,9.09,45.327183673469385,412.0240995918367
291,"SOAPS, COSMETICS & TOILET PREPARATIONS",2004-05,0.89,45.327183673469385,40.341193469387754
292,RUBBER GOODS,2004-05,40.06,45.327183673469385,1815.8069779591838
293,"LEATHER,LEATHER GOODS AND PICKERS",2004-05,0.44,45.327183673469385,19.94396081632653
294,GLUE AND GELATIN,2004-05,0.0,45.327183673469385,0.0
295,GLASS,2004-05,8.36,45.327183673469385,378.93525551020406
296,CERAMICS,2004-05,26.79,45.327183673469385,1214.3152506122449
297,CEMENT AND GYPSUM PRODUCTS,2004-05,0.16,45.327183673469385,7.2523493877551015
298,TIMBER PRODUCTS,2004-05,0.07,45.327183673469385,3.1729028571428572
299,DEFENCE INDUSTRIES,2004-05,0.05,45.327183673469385,2.2663591836734693
300,CONSULTANCY SERVICES,2004-05,252.42,45.327183673469385,11441.48770285714
301,SERVICES SECTOR,2004-05,456.15,45.327183673469385,20675.994832653058
302,HOSPITAL & DIAGNOSTIC CENTRES,2004-05,26.19,45.327183673469385,1187.1189404081633
303,EDUCATION,2004-05,1.97,45.327183673469385,89.29455183673468
304,HOTEL & TOURISM,2004-05,37.01,45.327183673469385,1677.5590677551018
305,TRADING,2004-05,14.22,45.327183673469385,644.5525518367347
306,RETAIL TRADING,2004-05,0.0,45.327183673469385,0.0
307,AGRICULTURE SERVICES,2004-05,3.83,45.327183673469385,173.60311346938775
308,"DIAMOND,GOLD ORNAMENTS",2004-05,8.58,45.327183673469385,388.90723591836735
309,TEA AND COFFEE,2004-05,0.01,45.327183673469385,0.45327183673469384
310,PRINTING OF BOOKS,2004-05,0.06,45.327183673469385,2.719631020408163
311,COIR,2004-05,0.47,45.327183673469385,21.30377632653061
312,CONSTRUCTION,2004-05,0.0,45.327183673469385,0.0
313,CONSTRUCTION DEVELOPMENT,2004-05,152.06,45.327183673469385,6892.451549387755
314,MISCELLANEOUS INDUSTRIES,2004-05,121.83,45.327183673469385,5522.2107869387755
315,METALLURGICAL INDUSTRIES,2005-06,149.13,44.11008230452675,6578.136574074074
316,MINING,2005-06,7.4,44.11008230452675,326.41460905349794
317,POWER,2005-06,72.69,44.11008230452675,3206.3618827160494
318,NON-CONVENTIONAL ENERGY,2005-06,1.35,44.11008230452675,59.548611111111114
319,COAL PRODUCTION,2005-06,9.14,44.11008230452675,403.1661522633745
320,PETROLEUM & NATURAL GAS,2005-06,12.09,44.11008230452675,533.2908950617284
321,BOILERS AND STEAM GENERATING PLANTS,2005-06,0.0,44.11008230452675,0.0
322,PRIME MOVER,2005-06,0.74,44.11008230452675,32.641460905349795
323,ELECTRICAL EQUIPMENTS,2005-06,39.5,44.11008230452675,1742.3482510288065
324,COMPUTER SOFTWARE & HARDWARE,2005-06,1359.97,44.11008230452675,59988.388631687245
325,ELECTRONICS,2005-06,40.91,44.11008230452675,1804.5434670781892
326,TELECOMMUNICATIONS,2005-06,617.98,44.11008230452675,27259.14866255144
327,INFORMATION & BROADCASTING,2005-06,55.93,44.11008230452675,2467.076903292181
328,AUTOMOBILE INDUSTRY,2005-06,139.93,44.11008230452675,6172.323816872428
329,AIR TRANSPORT,2005-06,10.27,44.11008230452675,453.0105452674897
330,SEA TRANSPORT,2005-06,53.63,44.11008230452675,2365.62371399177
331,PORTS,2005-06,0.5,44.11008230452675,22.055041152263374
332,RAILWAY RELATED COMPONENTS,2005-06,22.62,44.11008230452675,997.7700617283951
333,INDUSTRIAL MACHINERY,2005-06,42.8,44.11008230452675,1887.9115226337447
334,MACHINE TOOLS,2005-06,23.0,44.11008230452675,1014.5318930041152
335,AGRICULTURAL MACHINERY,2005-06,92.71,44.11008230452675,4089.4457304526745
336,EARTH-MOVING MACHINERY,2005-06,50.87,44.11008230452675,2243.8798868312756
337,MISCELLANEOUS MECHANICAL & ENGINEERING INDUSTRIES,2005-06,51.22,44.11008230452675,2259.31841563786
338,"COMMERCIAL, OFFICE & HOUSEHOLD EQUIPMENTS",2005-06,25.54,44.11008230452675,1126.571502057613
339,MEDICAL AND SURGICAL APPLIANCES,2005-06,1.52,44.11008230452675,67.04732510288066
340,INDUSTRIAL INSTRUMENTS,2005-06,0.38,44.11008230452675,16.761831275720166
341,SCIENTIFIC INSTRUMENTS,2005-06,0.1,44.11008230452675,4.411008230452675
342,"MATHEMATICAL,SURVEYING AND DRAWING INSTRUMENTS",2005-06,0.0,44.11008230452675,0.0
343,FERTILIZERS,2005-06,4.24,44.11008230452675,187.02674897119343
344,CHEMICALS,2005-06,387.72,44.11008230452675,17102.361111111113
345,PHOTOGRAPHIC RAW FILM AND PAPER,2005-06,0.0,44.11008230452675,0.0
346,DYE-STUFFS,2005-06,0.0,44.11008230452675,0.0
347,DRUGS & PHARMACEUTICALS,2005-06,172.44,44.11008230452675,7606.342592592592
348,TEXTILES,2005-06,94.33,44.11008230452675,4160.904063786008
349,PAPER AND PULP,2005-06,27.38,44.11008230452675,1207.7340534979423
350,SUGAR,2005-06,3.0,44.11008230452675,132.33024691358025
351,FERMENTATION INDUSTRIES,2005-06,169.83,44.11008230452675,7491.215277777778
352,FOOD PROCESSING INDUSTRIES,2005-06,41.74,44.11008230452675,1841.1548353909466
353,VEGETABLE OILS AND VANASPATI,2005-06,12.31,44.11008230452675,542.9951131687243
354,"SOAPS, COSMETICS & TOILET PREPARATIONS",2005-06,87.42,44.11008230452675,3856.1033950617284
355,RUBBER GOODS,2005-06,34.09,44.11008230452675,1503.712705761317
356,"LEATHER,LEATHER GOODS AND PICKERS",2005-06,1.11,44.11008230452675,48.9621913580247
357,GLUE AND GELATIN,2005-06,0.0,44.11008230452675,0.0
358,GLASS,2005-06,0.81,44.11008230452675,35.72916666666667
359,CERAMICS,2005-06,5.67,44.11008230452675,250.10416666666666
360,CEMENT AND GYPSUM PRODUCTS,2005-06,452.08,44.11008230452675,19941.28600823045
361,TIMBER PRODUCTS,2005-06,0.33,44.11008230452675,14.556327160493828
362,DEFENCE INDUSTRIES,2005-06,0.0,44.11008230452675,0.0
363,CONSULTANCY SERVICES,2005-06,47.4,44.11008230452675,2090.8179012345677
364,SERVICES SECTOR,2005-06,548.61,44.11008230452675,24199.232253086422
365,HOSPITAL & DIAGNOSTIC CENTRES,2005-06,32.53,44.11008230452675,1434.9009773662551
366,EDUCATION,2005-06,3.16,44.11008230452675,139.38786008230454
367,HOTEL & TOURISM,2005-06,71.78,44.11008230452675,3166.22170781893
368,TRADING,2005-06,28.93,44.11008230452675,1276.1046810699588
369,RETAIL TRADING,2005-06,0.0,44.11008230452675,0.0
370,AGRICULTURE SERVICES,2005-06,9.08,44.11008230452675,400.5195473251029
371,"DIAMOND,GOLD ORNAMENTS",2005-06,15.52,44.11008230452675,684.5884773662551
372,TEA AND COFFEE,2005-06,1.43,44.11008230452675,63.07741769547325
373,PRINTING OF BOOKS,2005-06,9.9,44.11008230452675,436.68981481481484
374,COIR,2005-06,0.59,44.11008230452675,26.02494855967078
375,CONSTRUCTION,2005-06,0.93,44.11008230452675,41.02237654320988
376,CONSTRUCTION DEVELOPMENT,2005-06,228.71,44.11008230452675,10088.416923868313
377,MISCELLANEOUS INDUSTRIES,2005-06,164.76,44.11008230452675,7267.577160493826
378,METALLURGICAL INDUSTRIES,2006-07,169.94,45.333414634146344,7703.960482926829
379,MINING,2006-07,6.62,45.333414634146344,300.1072048780488
380,POWER,2006-07,157.15,45.333414634146344,7124.146109756098
381,NON-CONVENTIONAL ENERGY,2006-07,2.44,45.333414634146344,110.61353170731708
382,COAL PRODUCTION,2006-07,1.3,45.333414634146344,58.933439024390246
383,PETROLEUM & NATURAL GAS,2006-07,87.71,45.333414634146344,3976.1937975609753
384,BOILERS AND STEAM GENERATING PLANTS,2006-07,3.31,45.333414634146344,150.0536024390244
385,PRIME MOVER,2006-07,25.57,45.333414634146344,1159.1754121951221
386,ELECTRICAL EQUIPMENTS,2006-07,76.85,45.333414634146344,3483.872914634146
387,COMPUTER SOFTWARE & HARDWARE,2006-07,2613.33,45.333414634146344,118471.17246585366
388,ELECTRONICS,2006-07,42.14,45.333414634146344,1910.350092682927
389,TELECOMMUNICATIONS,2006-07,476.51,45.333414634146344,21601.825407317076
390,INFORMATION & BROADCASTING,2006-07,75.7,45.333414634146344,3431.7394878048785
391,AUTOMOBILE INDUSTRY,2006-07,260.72,45.333414634146344,11819.327863414635
392,AIR TRANSPORT,2006-07,62.29,45.333414634146344,2823.818397560976
393,SEA TRANSPORT,2006-07,72.52,45.333414634146344,3287.5792292682927
394,PORTS,2006-07,0.0,45.333414634146344,0.0
395,RAILWAY RELATED COMPONENTS,2006-07,25.82,45.333414634146344,1170.5087658536586
396,INDUSTRIAL MACHINERY,2006-07,25.96,45.333414634146344,1176.8554439024392
397,MACHINE TOOLS,2006-07,37.28,45.333414634146344,1690.0296975609758
398,AGRICULTURAL MACHINERY,2006-07,25.19,45.333414634146344,1141.9487146341464
399,EARTH-MOVING MACHINERY,2006-07,0.99,45.333414634146344,44.88008048780488
400,MISCELLANEOUS MECHANICAL & ENGINEERING INDUSTRIES,2006-07,84.44,45.333414634146344,3827.9535317073173
401,"COMMERCIAL, OFFICE & HOUSEHOLD EQUIPMENTS",2006-07,5.42,45.333414634146344,245.70710731707317
402,MEDICAL AND SURGICAL APPLIANCES,2006-07,13.43,45.333414634146344,608.8277585365854
403,INDUSTRIAL INSTRUMENTS,2006-07,0.0,45.333414634146344,0.0
404,SCIENTIFIC INSTRUMENTS,2006-07,0.07,45.333414634146344,3.1733390243902444
405,"MATHEMATICAL,SURVEYING AND DRAWING INSTRUMENTS",2006-07,0.0,45.333414634146344,0.0
406,FERTILIZERS,2006-07,5.01,45.333414634146344,227.12040731707316
407,CHEMICALS,2006-07,138.85,45.333414634146344,6294.54462195122
408,PHOTOGRAPHIC RAW FILM AND PAPER,2006-07,2.81,45.333414634146344,127.38689512195123
409,DYE-STUFFS,2006-07,0.0,45.333414634146344,0.0
410,DRUGS & PHARMACEUTICALS,2006-07,224.2,45.333414634146344,10163.75156097561
411,TEXTILES,2006-07,126.9,45.333414634146344,5752.810317073171
412,PAPER AND PULP,2006-07,5.08,45.333414634146344,230.29374634146342
413,SUGAR,2006-07,9.85,45.333414634146344,446.53413414634144
414,FERMENTATION INDUSTRIES,2006-07,27.58,45.333414634146344,1250.295575609756
415,FOOD PROCESSING INDUSTRIES,2006-07,102.0,45.333414634146344,4624.008292682927
416,VEGETABLE OILS AND VANASPATI,2006-07,16.22,45.333414634146344,735.3079853658536
417,"SOAPS, COSMETICS & TOILET PREPARATIONS",2006-07,6.04,45.333414634146344,273.8138243902439
418,RUBBER GOODS,2006-07,18.75,45.333414634146344,850.001524390244
419,"LEATHER,LEATHER GOODS AND PICKERS",2006-07,8.26,45.333414634146344,374.4540048780488
420,GLUE AND GELATIN,2006-07,0.0,45.333414634146344,0.0
421,GLASS,2006-07,1.43,45.333414634146344,64.82678292682927
422,CERAMICS,2006-07,122.23,45.333414634146344,5541.103270731708
423,CEMENT AND GYPSUM PRODUCTS,2006-07,242.47,45.333414634146344,10991.993046341464
424,TIMBER PRODUCTS,2006-07,0.0,45.333414634146344,0.0
425,DEFENCE INDUSTRIES,2006-07,0.0,45.333414634146344,0.0
426,CONSULTANCY SERVICES,2006-07,114.68,45.333414634146344,5198.835990243903
427,SERVICES SECTOR,2006-07,4713.78,45.333414634146344,213691.74323414633
428,HOSPITAL & DIAGNOSTIC CENTRES,2006-07,38.14,45.333414634146344,1729.0164341463417
429,EDUCATION,2006-07,41.81,45.333414634146344,1895.3900658536588
430,HOTEL & TOURISM,2006-07,195.66,45.333414634146344,8869.935907317073
431,TRADING,2006-07,114.65,45.333414634146344,5197.475987804879
432,RETAIL TRADING,2006-07,0.0,45.333414634146344,0.0
433,AGRICULTURE SERVICES,2006-07,12.53,45.333414634146344,568.0276853658537
434,"DIAMOND,GOLD ORNAMENTS",2006-07,61.97,45.333414634146344,2809.3117048780487
435,TEA AND COFFEE,2006-07,6.2,45.333414634146344,281.06717073170734
436,PRINTING OF BOOKS,2006-07,20.04,45.333414634146344,908.4816292682926
437,COIR,2006-07,0.04,45.333414634146344,1.8133365853658538
438,CONSTRUCTION,2006-07,64.06,45.333414634146344,2904.0585414634147
439,CONSTRUCTION DEVELOPMENT,2006-07,1392.95,45.333414634146344,63147.17991463415
440,MISCELLANEOUS INDUSTRIES,2006-07,304.87,45.333414634146344,13820.798119512196
441,METALLURGICAL INDUSTRIES,2007-08,1175.75,41.29315573770492,48550.42785860656
442,MINING,2007-08,444.36,41.29315573770492,18349.02668360656
443,POWER,2007-08,988.68,41.29315573770492,40825.7172147541
444,NON-CONVENTIONAL ENERGY,2007-08,58.82,41.29315573770492,2428.8634204918035
445,COAL PRODUCTION,2007-08,14.08,41.29315573770492,581.4076327868853
446,PETROLEUM & NATURAL GAS,2007-08,1405.04,41.29315573770492,58018.53553770492
447,BOILERS AND STEAM GENERATING PLANTS,2007-08,1.51,41.29315573770492,62.35266516393443
448,PRIME MOVER,2007-08,40.53,41.29315573770492,1673.6116020491804
449,ELECTRICAL EQUIPMENTS,2007-08,653.74,41.29315573770492,26994.987631967215
450,COMPUTER SOFTWARE & HARDWARE,2007-08,1382.25,41.29315573770492,57077.464518442626
451,ELECTRONICS,2007-08,136.03,41.29315573770492,5617.107975000001
452,TELECOMMUNICATIONS,2007-08,1260.7,41.29315573770492,52058.281438524595
453,INFORMATION & BROADCASTING,2007-08,288.49,41.29315573770492,11912.662498770493
454,AUTOMOBILE INDUSTRY,2007-08,656.1,41.29315573770492,27092.4394795082
455,AIR TRANSPORT,2007-08,99.08,41.29315573770492,4091.3258704918035
456,SEA TRANSPORT,2007-08,128.36,41.29315573770492,5300.389470491804
457,PORTS,2007-08,918.18,41.29315573770492,37914.549735245906
458,RAILWAY RELATED COMPONENTS,2007-08,12.41,41.29315573770492,512.4480627049181
459,INDUSTRIAL MACHINERY,2007-08,119.57,41.29315573770492,4937.422631557377
460,MACHINE TOOLS,2007-08,56.87,41.29315573770492,2348.341766803279
461,AGRICULTURAL MACHINERY,2007-08,6.72,41.29315573770492,277.49000655737706
462,EARTH-MOVING MACHINERY,2007-08,67.94,41.29315573770492,2805.4570008196724
463,MISCELLANEOUS MECHANICAL & ENGINEERING INDUSTRIES,2007-08,211.15,41.29315573770492,8719.049834016394
464,"COMMERCIAL, OFFICE & HOUSEHOLD EQUIPMENTS",2007-08,9.83,41.29315573770492,405.9117209016394
465,MEDICAL AND SURGICAL APPLIANCES,2007-08,13.17,41.29315573770492,543.8308610655738
466,INDUSTRIAL INSTRUMENTS,2007-08,2.23,41.29315573770492,92.08373729508197
467,SCIENTIFIC INSTRUMENTS,2007-08,0.0,41.29315573770492,0.0
468,"MATHEMATICAL,SURVEYING AND DRAWING INSTRUMENTS",2007-08,1.27,41.29315573770492,52.44230778688525
469,FERTILIZERS,2007-08,1.95,41.29315573770492,80.5216536885246
470,CHEMICALS,2007-08,233.7,41.29315573770492,9650.21049590164
471,PHOTOGRAPHIC RAW FILM AND PAPER,2007-08,54.86,41.29315573770492,2265.342523770492
472,DYE-STUFFS,2007-08,5.51,41.29315573770492,227.52528811475412
473,DRUGS & PHARMACEUTICALS,2007-08,340.35,41.29315573770492,14054.125555327872
474,TEXTILES,2007-08,185.4,41.29315573770492,7655.751073770492
475,PAPER AND PULP,2007-08,31.24,41.29315573770492,1289.9981852459016
476,SUGAR,2007-08,10.07,41.29315573770492,415.8220782786886
477,FERMENTATION INDUSTRIES,2007-08,270.05,41.29315573770492,11151.216706967214
478,FOOD PROCESSING INDUSTRIES,2007-08,70.17,41.29315573770492,2897.5407381147543
479,VEGETABLE OILS AND VANASPATI,2007-08,1.53,41.29315573770492,63.17852827868853
480,"SOAPS, COSMETICS & TOILET PREPARATIONS",2007-08,6.38,41.29315573770492,263.4503336065574
481,RUBBER GOODS,2007-08,15.12,41.29315573770492,624.3525147540984
482,"LEATHER,LEATHER GOODS AND PICKERS",2007-08,7.46,41.29315573770492,308.04694180327874
483,GLUE AND GELATIN,2007-08,2.28,41.29315573770492,94.14839508196721
484,GLASS,2007-08,11.04,41.29315573770492,455.8764393442623
485,CERAMICS,2007-08,115.11,41.29315573770492,4753.255156967213
486,CEMENT AND GYPSUM PRODUCTS,2007-08,16.89,41.29315573770492,697.4414004098362
487,TIMBER PRODUCTS,2007-08,0.39,41.29315573770492,16.10433073770492
488,DEFENCE INDUSTRIES,2007-08,0.0,41.29315573770492,0.0
489,CONSULTANCY SERVICES,2007-08,233.32,41.29315573770492,9634.519096721311
490,SERVICES SECTOR,2007-08,6986.17,41.29315573770492,288481.005820082
491,HOSPITAL & DIAGNOSTIC CENTRES,2007-08,241.76,41.29315573770492,9983.03333114754
492,EDUCATION,2007-08,43.59,41.29315573770492,1799.9686586065577
493,HOTEL & TOURISM,2007-08,421.47,41.29315573770492,17403.826348770493
494,TRADING,2007-08,345.02,41.29315573770492,14246.964592622951
495,RETAIL TRADING,2007-08,1.27,41.29315573770492,52.44230778688525
496,AGRICULTURE SERVICES,2007-08,58.13,41.29315573770492,2400.371143032787
497,"DIAMOND,GOLD ORNAMENTS",2007-08,59.15,41.29315573770492,2442.490161885246
498,TEA AND COFFEE,2007-08,18.94,41.29315573770492,782.0923696721312
499,PRINTING OF BOOKS,2007-08,35.54,41.29315573770492,1467.558754918033
500,COIR,2007-08,0.01,41.29315573770492,0.41293155737704923
501,CONSTRUCTION,2007-08,182.92,41.29315573770492,7553.344047540983
502,CONSTRUCTION DEVELOPMENT,2007-08,3887.33,41.29315573770492,160520.12309385248
503,MISCELLANEOUS INDUSTRIES,2007-08,528.42,41.29315573770492,21820.129354918034
504,METALLURGICAL INDUSTRIES,2008-09,959.94,43.416875,41677.5949875
505,MINING,2008-09,34.16,43.416875,1483.1204499999997
506,POWER,2008-09,907.66,43.416875,39407.760762499995
507,NON-CONVENTIONAL ENERGY,2008-09,125.88,43.416875,5465.316225
508,COAL PRODUCTION,2008-09,0.22,43.416875,9.551712499999999
509,PETROLEUM & NATURAL GAS,2008-09,349.29,43.416875,15165.08026875
510,BOILERS AND STEAM GENERATING PLANTS,2008-09,0.0,43.416875,0.0
511,PRIME MOVER,2008-09,74.88,43.416875,3251.0555999999997
512,ELECTRICAL EQUIPMENTS,2008-09,417.35,43.416875,18120.03278125
513,COMPUTER SOFTWARE & HARDWARE,2008-09,1543.34,43.416875,67006.99986249999
514,ELECTRONICS,2008-09,147.51,43.416875,6404.423231249999
515,TELECOMMUNICATIONS,2008-09,2548.63,43.416875,110653.55013125
516,INFORMATION & BROADCASTING,2008-09,735.04,43.416875,31913.139799999997
517,AUTOMOBILE INDUSTRY,2008-09,1150.03,43.416875,49930.708756249995
518,AIR TRANSPORT,2008-09,61.37,43.416875,2664.4936187499998
519,SEA TRANSPORT,2008-09,50.21,43.416875,2179.96129375
520,PORTS,2008-09,493.15,43.416875,21411.03190625
521,RAILWAY RELATED COMPONENTS,2008-09,18.01,43.416875,781.93791875
522,INDUSTRIAL MACHINERY,2008-09,110.54,43.416875,4799.3013625
523,MACHINE TOOLS,2008-09,45.66,43.416875,1982.4145124999998
524,AGRICULTURAL MACHINERY,2008-09,5.57,43.416875,241.83199375
525,EARTH-MOVING MACHINERY,2008-09,2.27,43.416875,98.55630624999999
526,MISCELLANEOUS MECHANICAL & ENGINEERING INDUSTRIES,2008-09,142.31,43.416875,6178.65548125
527,"COMMERCIAL, OFFICE & HOUSEHOLD EQUIPMENTS",2008-09,12.63,43.416875,548.35513125
528,MEDICAL AND SURGICAL APPLIANCES,2008-09,75.42,43.416875,3274.5007124999997
529,INDUSTRIAL INSTRUMENTS,2008-09,17.48,43.416875,758.926975
530,SCIENTIFIC INSTRUMENTS,2008-09,0.83,43.416875,36.03600624999999
531,"MATHEMATICAL,SURVEYING AND DRAWING INSTRUMENTS",2008-09,0.0,43.416875,0.0
532,FERTILIZERS,2008-09,133.75,43.416875,5807.007031249999
533,CHEMICALS,2008-09,651.22,43.416875,28273.9373375
534,PHOTOGRAPHIC RAW FILM AND PAPER,2008-09,1.05,43.416875,45.58771875
535,DYE-STUFFS,2008-09,1.17,43.416875,50.797743749999995
536,DRUGS & PHARMACEUTICALS,2008-09,4246.76,43.416875,184381.048075
537,TEXTILES,2008-09,157.52,43.416875,6839.02615
538,PAPER AND PULP,2008-09,272.51,43.416875,11831.532606249999
539,SUGAR,2008-09,5.01,43.416875,217.51854375
540,FERMENTATION INDUSTRIES,2008-09,144.7,43.416875,6282.421812499999
541,FOOD PROCESSING INDUSTRIES,2008-09,102.71,43.416875,4459.34723125
542,VEGETABLE OILS AND VANASPATI,2008-09,42.88,43.416875,1861.7156
543,"SOAPS, COSMETICS & TOILET PREPARATIONS",2008-09,22.03,43.416875,956.47375625
544,RUBBER GOODS,2008-09,84.88,43.416875,3685.2243499999995
545,"LEATHER,LEATHER GOODS AND PICKERS",2008-09,3.32,43.416875,144.14402499999997
546,GLUE AND GELATIN,2008-09,0.0,43.416875,0.0
547,GLASS,2008-09,23.16,43.416875,1005.534825
548,CERAMICS,2008-09,198.43,43.416875,8615.21050625
549,CEMENT AND GYPSUM PRODUCTS,2008-09,724.8,43.416875,31468.550999999996
550,TIMBER PRODUCTS,2008-09,11.27,43.416875,489.30818124999996
551,DEFENCE INDUSTRIES,2008-09,0.0,43.416875,0.0
552,CONSULTANCY SERVICES,2008-09,256.59,43.416875,11140.335956249999
553,SERVICES SECTOR,2008-09,6183.49,43.416875,268467.81239374995
554,HOSPITAL & DIAGNOSTIC CENTRES,2008-09,239.71,43.416875,10407.45910625
555,EDUCATION,2008-09,214.52,43.416875,9313.788025
556,HOTEL & TOURISM,2008-09,463.92,43.416875,20141.95665
557,TRADING,2008-09,643.64,43.416875,27944.837424999998
558,RETAIL TRADING,2008-09,0.09,43.416875,3.9075187499999995
559,AGRICULTURE SERVICES,2008-09,5.35,43.416875,232.28028124999997
560,"DIAMOND,GOLD ORNAMENTS",2008-09,83.5,43.416875,3625.3090625
561,TEA AND COFFEE,2008-09,37.08,43.416875,1609.8977249999998
562,PRINTING OF BOOKS,2008-09,31.61,43.416875,1372.4074187499998
563,COIR,2008-09,0.0,43.416875,0.0
564,CONSTRUCTION,2008-09,172.7,43.416875,7498.094312499999
565,CONSTRUCTION DEVELOPMENT,2008-09,4657.51,43.416875,202214.52948125
566,MISCELLANEOUS INDUSTRIES,2008-09,1549.7,43.416875,67283.1311875
567,METALLURGICAL INDUSTRIES,2009-10,419.88,48.350759493670886,20301.51689620253
568,MINING,2009-10,174.4,48.350759493670886,8432.372455696202
569,POWER,2009-10,1271.79,48.350759493670886,61492.01241645569
570,NON-CONVENTIONAL ENERGY,2009-10,622.52,48.350759493670886,30099.3148
571,COAL PRODUCTION,2009-10,0.0,48.350759493670886,0.0
572,PETROLEUM & NATURAL GAS,2009-10,265.53,48.350759493670886,12838.577168354428
573,BOILERS AND STEAM GENERATING PLANTS,2009-10,3.96,48.350759493670886,191.4690075949367
574,PRIME MOVER,2009-10,39.5,48.350759493670886,1909.855
575,ELECTRICAL EQUIPMENTS,2009-10,728.27,48.350759493670886,35212.4076164557
576,COMPUTER SOFTWARE & HARDWARE,2009-10,871.86,48.350759493670886,42155.0931721519
577,ELECTRONICS,2009-10,52.14,48.350759493670886,2521.0086
578,TELECOMMUNICATIONS,2009-10,2539.26,48.350759493670886,122775.14955189875
579,INFORMATION & BROADCASTING,2009-10,490.83,48.350759493670886,23732.00328227848
580,AUTOMOBILE INDUSTRY,2009-10,1236.29,48.350759493670886,59775.56045443038
581,AIR TRANSPORT,2009-10,23.71,48.350759493670886,1146.3965075949368
582,SEA TRANSPORT,2009-10,284.85,48.350759493670886,13772.713841772153
583,PORTS,2009-10,65.41,48.350759493670886,3162.6231784810125
584,RAILWAY RELATED COMPONENTS,2009-10,34.43,48.350759493670886,1664.7166493670886
585,INDUSTRIAL MACHINERY,2009-10,341.88,48.350759493670886,16530.157655696203
586,MACHINE TOOLS,2009-10,133.83,48.350759493670886,6470.782143037975
587,AGRICULTURAL MACHINERY,2009-10,1.88,48.350759493670886,90.89942784810125
588,EARTH-MOVING MACHINERY,2009-10,15.62,48.350759493670886,755.2388632911392
589,MISCELLANEOUS MECHANICAL & ENGINEERING INDUSTRIES,2009-10,149.59,48.350759493670886,7232.790112658228
590,"COMMERCIAL, OFFICE & HOUSEHOLD EQUIPMENTS",2009-10,78.98,48.350759493670886,3818.742984810127
591,MEDICAL AND SURGICAL APPLIANCES,2009-10,167.35,48.350759493670886,8091.499601265822
592,INDUSTRIAL INSTRUMENTS,2009-10,7.61,48.350759493670886,367.94927974683543
593,SCIENTIFIC INSTRUMENTS,2009-10,0.0,48.350759493670886,0.0
594,"MATHEMATICAL,SURVEYING AND DRAWING INSTRUMENTS",2009-10,0.0,48.350759493670886,0.0
595,FERTILIZERS,2009-10,8.2,48.350759493670886,396.47622784810125
596,CHEMICALS,2009-10,365.94,48.350759493670886,17693.476929113924
597,PHOTOGRAPHIC RAW FILM AND PAPER,2009-10,0.0,48.350759493670886,0.0
598,DYE-STUFFS,2009-10,4.02,48.350759493670886,194.37005316455694
599,DRUGS & PHARMACEUTICALS,2009-10,213.08,48.350759493670886,10302.579832911393
600,TEXTILES,2009-10,150.27,48.350759493670886,7265.668629113925
601,PAPER AND PULP,2009-10,16.42,48.350759493670886,793.919470886076
602,SUGAR,2009-10,0.1,48.350759493670886,4.835075949367089
603,FERMENTATION INDUSTRIES,2009-10,112.02,48.350759493670886,5416.252078481012
604,FOOD PROCESSING INDUSTRIES,2009-10,278.89,48.350759493670886,13484.543315189872
605,VEGETABLE OILS AND VANASPATI,2009-10,69.74,48.350759493670886,3371.9819670886072
606,"SOAPS, COSMETICS & TOILET PREPARATIONS",2009-10,24.58,48.350759493670886,1188.4616683544302
607,RUBBER GOODS,2009-10,24.12,48.350759493670886,1166.220318987342
608,"LEATHER,LEATHER GOODS AND PICKERS",2009-10,5.06,48.350759493670886,244.65484303797467
609,GLUE AND GELATIN,2009-10,0.27,48.350759493670886,13.05470506329114
610,GLASS,2009-10,2.83,48.350759493670886,136.8326493670886
611,CERAMICS,2009-10,7.21,48.350759493670886,348.6089759493671
612,CEMENT AND GYPSUM PRODUCTS,2009-10,33.8,48.350759493670886,1634.255670886076
613,TIMBER PRODUCTS,2009-10,6.54,48.350759493670886,316.2139670886076
614,DEFENCE INDUSTRIES,2009-10,0.0,48.350759493670886,0.0
615,CONSULTANCY SERVICES,2009-10,341.31,48.350759493670886,16502.59772278481
616,SERVICES SECTOR,2009-10,4174.53,48.350759493670886,201841.6960291139
617,HOSPITAL & DIAGNOSTIC CENTRES,2009-10,135.57,48.350759493670886,6554.912464556962
618,EDUCATION,2009-10,63.35,48.350759493670886,3063.020613924051
619,HOTEL & TOURISM,2009-10,753.02,48.350759493670886,36409.088913924046
620,TRADING,2009-10,737.95,48.350759493670886,35680.44296835443
621,RETAIL TRADING,2009-10,13.73,48.350759493670886,663.8559278481013
622,AGRICULTURE SERVICES,2009-10,1222.22,48.350759493670886,59095.26526835443
623,"DIAMOND,GOLD ORNAMENTS",2009-10,31.08,48.350759493670886,1502.741605063291
624,TEA AND COFFEE,2009-10,8.15,48.350759493670886,394.05868987341773
625,PRINTING OF BOOKS,2009-10,70.51,48.350759493670886,3409.2120518987344
626,COIR,2009-10,0.25,48.350759493670886,12.087689873417721
627,CONSTRUCTION,2009-10,324.56,48.350759493670886,15692.722501265822
628,CONSTRUCTION DEVELOPMENT,2009-10,5466.13,48.350759493670886,264291.53699113923
629,MISCELLANEOUS INDUSTRIES,2009-10,1147.56,48.350759493670886,55485.39756455696
630,METALLURGICAL INDUSTRIES,2010-11,1098.14,45.73727642276423,50225.93273089432
631,MINING,2010-11,79.51,45.73727642276423,3636.5708483739845
632,POWER,2010-11,1271.77,45.73727642276423,58167.296036178865
633,NON-CONVENTIONAL ENERGY,2010-11,214.4,45.73727642276423,9806.072065040651
634,COAL PRODUCTION,2010-11,0.0,45.73727642276423,0.0
635,PETROLEUM & NATURAL GAS,2010-11,556.43,45.73727642276423,25449.5927199187
636,BOILERS AND STEAM GENERATING PLANTS,2010-11,0.63,45.73727642276423,28.814484146341467
637,PRIME MOVER,2010-11,166.44,45.73727642276423,7612.512287804879
638,ELECTRICAL EQUIPMENTS,2010-11,153.9,45.73727642276423,7038.966841463415
639,COMPUTER SOFTWARE & HARDWARE,2010-11,779.81,45.73727642276423,35666.385527235776
640,ELECTRONICS,2010-11,59.72,45.73727642276423,2731.43014796748
641,TELECOMMUNICATIONS,2010-11,1664.5,45.73727642276423,76129.69660569106
642,INFORMATION & BROADCASTING,2010-11,412.11,45.73727642276423,18848.78898658537
643,AUTOMOBILE INDUSTRY,2010-11,1299.41,45.73727642276423,59431.47435650408
644,AIR TRANSPORT,2010-11,136.6,45.73727642276423,6247.711959349594
645,SEA TRANSPORT,2010-11,300.51,45.73727642276423,13744.50893780488
646,PORTS,2010-11,10.92,45.73727642276423,499.45105853658544
647,RAILWAY RELATED COMPONENTS,2010-11,70.66,45.73727642276423,3231.7959520325203
648,INDUSTRIAL MACHINERY,2010-11,467.92,45.73727642276423,21401.38638373984
649,MACHINE TOOLS,2010-11,11.63,45.73727642276423,531.9245247967481
650,AGRICULTURAL MACHINERY,2010-11,0.49,45.73727642276423,22.411265447154474
651,EARTH-MOVING MACHINERY,2010-11,1.77,45.73727642276423,80.95497926829269
652,MISCELLANEOUS MECHANICAL & ENGINEERING INDUSTRIES,2010-11,108.67,45.73727642276423,4970.269828861789
653,"COMMERCIAL, OFFICE & HOUSEHOLD EQUIPMENTS",2010-11,25.12,45.73727642276423,1148.9203837398375
654,MEDICAL AND SURGICAL APPLIANCES,2010-11,32.22,45.73727642276423,1473.6550463414635
655,INDUSTRIAL INSTRUMENTS,2010-11,25.48,45.73727642276423,1165.3858032520327
656,SCIENTIFIC INSTRUMENTS,2010-11,2.49,45.73727642276423,113.88581829268294
657,"MATHEMATICAL,SURVEYING AND DRAWING INSTRUMENTS",2010-11,0.0,45.73727642276423,0.0
658,FERTILIZERS,2010-11,18.18,45.73727642276423,831.5036853658537
659,CHEMICALS,2010-11,2354.4,45.73727642276423,107683.8436097561
660,PHOTOGRAPHIC RAW FILM AND PAPER,2010-11,0.81,45.73727642276423,37.047193902439034
661,DYE-STUFFS,2010-11,5.37,45.73727642276423,245.60917439024394
662,DRUGS & PHARMACEUTICALS,2010-11,209.38,45.73727642276423,9576.470937398375
663,TEXTILES,2010-11,129.65,45.73727642276423,5929.837888211383
664,PAPER AND PULP,2010-11,6.53,45.73727642276423,298.66441504065045
665,SUGAR,2010-11,0.17,45.73727642276423,7.77533699186992
666,FERMENTATION INDUSTRIES,2010-11,57.71,45.73727642276423,2639.498222357724
667,FOOD PROCESSING INDUSTRIES,2010-11,188.67,45.73727642276423,8629.251942682928
668,VEGETABLE OILS AND VANASPATI,2010-11,58.07,45.73727642276423,2655.963641869919
669,"SOAPS, COSMETICS & TOILET PREPARATIONS",2010-11,102.9,45.73727642276423,4706.36574390244
670,RUBBER GOODS,2010-11,17.21,45.73727642276423,787.1385272357725
671,"LEATHER,LEATHER GOODS AND PICKERS",2010-11,9.26,45.73727642276423,423.5271796747968
672,GLUE AND GELATIN,2010-11,0.01,45.73727642276423,0.45737276422764234
673,GLASS,2010-11,7.6,45.73727642276423,347.60330081300816
674,CERAMICS,2010-11,12.0,45.73727642276423,548.8473170731708
675,CEMENT AND GYPSUM PRODUCTS,2010-11,637.68,45.73727642276423,29165.746429268293
676,TIMBER PRODUCTS,2010-11,1.58,45.73727642276423,72.26489674796748
677,DEFENCE INDUSTRIES,2010-11,0.0,45.73727642276423,0.0
678,CONSULTANCY SERVICES,2010-11,274.84,45.73727642276423,12570.43305203252
679,SERVICES SECTOR,2010-11,3296.09,45.73727642276423,150754.17944430897
680,HOSPITAL & DIAGNOSTIC CENTRES,2010-11,256.0,45.73727642276423,11708.742764227643
681,EDUCATION,2010-11,37.94,45.73727642276423,1735.2722674796748
682,HOTEL & TOURISM,2010-11,308.05,45.73727642276423,14089.368002032523
683,TRADING,2010-11,498.04,45.73727642276423,22778.993149593498
684,RETAIL TRADING,2010-11,26.27,45.73727642276423,1201.5182516260163
685,AGRICULTURE SERVICES,2010-11,43.9,45.73727642276423,2007.8664349593498
686,"DIAMOND,GOLD ORNAMENTS",2010-11,19.59,45.73727642276423,895.9932451219513
687,TEA AND COFFEE,2010-11,3.12,45.73727642276423,142.7003024390244
688,PRINTING OF BOOKS,2010-11,36.63,45.73727642276423,1675.356435365854
689,COIR,2010-11,0.1,45.73727642276423,4.573727642276423
690,CONSTRUCTION,2010-11,675.07,45.73727642276423,30875.863194715454
691,CONSTRUCTION DEVELOPMENT,2010-11,1663.03,45.73727642276423,76062.4628093496
692,MISCELLANEOUS INDUSTRIES,2010-11,1475.97,45.73727642276423,67506.84788170732
693,METALLURGICAL INDUSTRIES,2011-12,1786.14,46.67154,83361.9044556
694,MINING,2011-12,142.65,46.67154,6657.695181
695,POWER,2011-12,1652.38,46.67154,77119.1192652
696,NON-CONVENTIONAL ENERGY,2011-12,452.17,46.67154,21103.4702418
697,COAL PRODUCTION,2011-12,0.0,46.67154,0.0
698,PETROLEUM & NATURAL GAS,2011-12,2029.98,46.67154,94742.29276920001
699,BOILERS AND STEAM GENERATING PLANTS,2011-12,31.79,46.67154,1483.6882566
700,PRIME MOVER,2011-12,313.75,46.67154,14643.195675
701,ELECTRICAL EQUIPMENTS,2011-12,566.39,46.67154,26434.2935406
702,COMPUTER SOFTWARE & HARDWARE,2011-12,796.35,46.67154,37166.880879000004
703,ELECTRONICS,2011-12,194.41,46.67154,9073.4140914
704,TELECOMMUNICATIONS,2011-12,1997.24,46.67154,93214.2665496
705,INFORMATION & BROADCASTING,2011-12,675.96,46.67154,31548.094178400002
706,AUTOMOBILE INDUSTRY,2011-12,922.99,46.67154,43077.364704600004
707,AIR TRANSPORT,2011-12,31.22,46.67154,1457.0854788
708,SEA TRANSPORT,2011-12,129.36,46.67154,6037.430414400001
709,PORTS,2011-12,0.0,46.67154,0.0
710,RAILWAY RELATED COMPONENTS,2011-12,42.27,46.67154,1972.8059958000001
711,INDUSTRIAL MACHINERY,2011-12,620.66,46.67154,28967.158016399997
712,MACHINE TOOLS,2011-12,127.87,46.67154,5967.889819800001
713,AGRICULTURAL MACHINERY,2011-12,2.77,46.67154,129.2801658
714,EARTH-MOVING MACHINERY,2011-12,16.4,46.67154,765.4132559999999
715,MISCELLANEOUS MECHANICAL & ENGINEERING INDUSTRIES,2011-12,1295.34,46.67154,60455.5126236
716,"COMMERCIAL, OFFICE & HOUSEHOLD EQUIPMENTS",2011-12,29.04,46.67154,1355.3415216
717,MEDICAL AND SURGICAL APPLIANCES,2011-12,141.61,46.67154,6609.1567794
718,INDUSTRIAL INSTRUMENTS,2011-12,3.99,46.67154,186.2194446
719,SCIENTIFIC INSTRUMENTS,2011-12,7.08,46.67154,330.4345032
720,"MATHEMATICAL,SURVEYING AND DRAWING INSTRUMENTS",2011-12,0.0,46.67154,0.0
721,FERTILIZERS,2011-12,32.6,46.67154,1521.4922040000001
722,CHEMICALS,2011-12,4040.71,46.67154,188586.1583934
723,PHOTOGRAPHIC RAW FILM AND PAPER,2011-12,0.0,46.67154,0.0
724,DYE-STUFFS,2011-12,0.58,46.67154,27.069493199999997
725,DRUGS & PHARMACEUTICALS,2011-12,3232.28,46.67154,150855.4853112
726,TEXTILES,2011-12,164.19,46.67154,7663.0001526
727,PAPER AND PULP,2011-12,407.35,46.67154,19011.651819000002
728,SUGAR,2011-12,4.44,46.67154,207.2216376
729,FERMENTATION INDUSTRIES,2011-12,69.7,46.67154,3253.006338
730,FOOD PROCESSING INDUSTRIES,2011-12,170.21,46.67154,7943.9628234
731,VEGETABLE OILS AND VANASPATI,2011-12,65.02,46.67154,3034.5835307999996
732,"SOAPS, COSMETICS & TOILET PREPARATIONS",2011-12,222.08,46.67154,10364.8156032
733,RUBBER GOODS,2011-12,187.37,46.67154,8744.8464498
734,"LEATHER,LEATHER GOODS AND PICKERS",2011-12,8.3,46.67154,387.37378200000006
735,GLUE AND GELATIN,2011-12,5.84,46.67154,272.5617936
736,GLASS,2011-12,32.22,46.67154,1503.7570188
737,CERAMICS,2011-12,9.87,46.67154,460.64809979999995
738,CEMENT AND GYPSUM PRODUCTS,2011-12,267.9,46.67154,12503.305565999999
739,TIMBER PRODUCTS,2011-12,29.6,46.67154,1381.477584
740,DEFENCE INDUSTRIES,2011-12,3.66,46.67154,170.8178364
741,CONSULTANCY SERVICES,2011-12,289.89,46.67154,13529.6127306
742,SERVICES SECTOR,2011-12,5215.98,46.67154,243437.81920919998
743,HOSPITAL & DIAGNOSTIC CENTRES,2011-12,310.43,46.67154,14488.246162200001
744,EDUCATION,2011-12,105.62,46.67154,4929.4480548
745,HOTEL & TOURISM,2011-12,992.86,46.67154,46338.3052044
746,TRADING,2011-12,731.55,46.67154,34142.565086999995
747,RETAIL TRADING,2011-12,31.7,46.67154,1479.487818
748,AGRICULTURE SERVICES,2011-12,49.02,46.67154,2287.8388908
749,"DIAMOND,GOLD ORNAMENTS",2011-12,36.3,46.67154,1694.176902
750,TEA AND COFFEE,2011-12,5.32,46.67154,248.29259280000002
751,PRINTING OF BOOKS,2011-12,47.39,46.67154,2211.7642806
752,COIR,2011-12,0.55,46.67154,25.669347000000002
753,CONSTRUCTION,2011-12,386.28,46.67154,18028.2824712
754,CONSTRUCTION DEVELOPMENT,2011-12,3140.78,46.67154,146585.03940120002
755,MISCELLANEOUS INDUSTRIES,2011-12,813.38,46.67154,37961.6972052
756,METALLURGICAL INDUSTRIES,2012-13,1466.23,53.494454132231404,78435.17348230164
757,MINING,2012-13,57.89,53.494454132231404,3096.793949714876
758,POWER,2012-13,535.68,53.494454132231404,28655.909189553717
759,NON-CONVENTIONAL ENERGY,2012-13,1106.52,53.494454132231404,59192.68338639669
760,COAL PRODUCTION,2012-13,0.0,53.494454132231404,0.0
761,PETROLEUM & NATURAL GAS,2012-13,214.8,53.494454132231404,11490.608747603306
762,BOILERS AND STEAM GENERATING PLANTS,2012-13,20.05,53.494454132231404,1072.5638053512396
763,PRIME MOVER,2012-13,184.6,53.494454132231404,9875.076232809917
764,ELECTRICAL EQUIPMENTS,2012-13,195.87,53.494454132231404,10477.958730880166
765,COMPUTER SOFTWARE & HARDWARE,2012-13,485.96,53.494454132231404,25996.16493009917
766,ELECTRONICS,2012-13,38.24,53.494454132231404,2045.627926016529
767,TELECOMMUNICATIONS,2012-13,303.87,53.494454132231404,16255.359777161157
768,INFORMATION & BROADCASTING,2012-13,404.04,53.494454132231404,21613.899247586778
769,AUTOMOBILE INDUSTRY,2012-13,1537.28,53.494454132231404,82235.95444839669
770,AIR TRANSPORT,2012-13,15.89,53.494454132231404,850.026876161157
771,SEA TRANSPORT,2012-13,64.62,53.494454132231404,3456.8116260247934
772,PORTS,2012-13,0.0,53.494454132231404,0.0
773,RAILWAY RELATED COMPONENTS,2012-13,29.85,53.494454132231404,1596.8094558471075
774,INDUSTRIAL MACHINERY,2012-13,503.83,53.494454132231404,26952.11082544215
775,MACHINE TOOLS,2012-13,101.39,53.494454132231404,5423.8027044669425
776,AGRICULTURAL MACHINERY,2012-13,95.41,53.494454132231404,5103.905868756198
777,EARTH-MOVING MACHINERY,2012-13,5.1,53.494454132231404,272.82171607438016
778,MISCELLANEOUS MECHANICAL & ENGINEERING INDUSTRIES,2012-13,89.45,53.494454132231404,4785.078922128099
779,"COMMERCIAL, OFFICE & HOUSEHOLD EQUIPMENTS",2012-13,24.33,53.494454132231404,1301.52006903719
780,MEDICAL AND SURGICAL APPLIANCES,2012-13,83.02,53.494454132231404,4441.109582057851
781,INDUSTRIAL INSTRUMENTS,2012-13,0.58,53.494454132231404,31.026783396694213
782,SCIENTIFIC INSTRUMENTS,2012-13,73.28,53.494454132231404,3920.0735988099173
783,"MATHEMATICAL,SURVEYING AND DRAWING INSTRUMENTS",2012-13,6.71,53.494454132231404,358.9477872272727
784,FERTILIZERS,2012-13,42.55,53.494454132231404,2276.189023326446
785,CHEMICALS,2012-13,292.16,53.494454132231404,15628.939719272728
786,PHOTOGRAPHIC RAW FILM AND PAPER,2012-13,0.0,53.494454132231404,0.0
787,DYE-STUFFS,2012-13,0.0,53.494454132231404,0.0
788,DRUGS & PHARMACEUTICALS,2012-13,1123.46,53.494454132231404,60098.8794393967
789,TEXTILES,2012-13,103.89,53.494454132231404,5557.53883979752
790,PAPER AND PULP,2012-13,5.09,53.494454132231404,272.28677153305784
791,SUGAR,2012-13,12.26,53.494454132231404,655.842007661157
792,FERMENTATION INDUSTRIES,2012-13,107.21,53.494454132231404,5735.140427516529
793,FOOD PROCESSING INDUSTRIES,2012-13,401.46,53.494454132231404,21475.88355592562
794,VEGETABLE OILS AND VANASPATI,2012-13,108.39,53.494454132231404,5798.263883392562
795,"SOAPS, COSMETICS & TOILET PREPARATIONS",2012-13,160.07,53.494454132231404,8562.857272946281
796,RUBBER GOODS,2012-13,642.18,53.494454132231404,34353.06855463636
797,"LEATHER,LEATHER GOODS AND PICKERS",2012-13,46.7,53.494454132231404,2498.1910079752065
798,GLUE AND GELATIN,2012-13,0.0,53.494454132231404,0.0
799,GLASS,2012-13,209.16,53.494454132231404,11188.90002629752
800,CERAMICS,2012-13,4.33,53.494454132231404,231.630986392562
801,CEMENT AND GYPSUM PRODUCTS,2012-13,12.38,53.494454132231404,662.2613421570248
802,TIMBER PRODUCTS,2012-13,29.17,53.494454132231404,1560.4332270371901
803,DEFENCE INDUSTRIES,2012-13,0.41,53.494454132231404,21.932726194214876
804,CONSULTANCY SERVICES,2012-13,142.32,53.494454132231404,7613.330712099173
805,SERVICES SECTOR,2012-13,4832.98,53.494454132231404,258537.62693199172
806,HOSPITAL & DIAGNOSTIC CENTRES,2012-13,256.86,53.494454132231404,13740.585488404959
807,EDUCATION,2012-13,172.2,53.494454132231404,9211.745001570247
808,HOTEL & TOURISM,2012-13,3259.05,53.494454132231404,174341.10073964877
809,TRADING,2012-13,717.8,53.494454132231404,38398.3191761157
810,RETAIL TRADING,2012-13,22.31,53.494454132231404,1193.4612716900826
811,AGRICULTURE SERVICES,2012-13,161.47,53.494454132231404,8637.749508731406
812,"DIAMOND,GOLD ORNAMENTS",2012-13,52.61,53.494454132231404,2814.3432318966943
813,TEA AND COFFEE,2012-13,0.27,53.494454132231404,14.44350261570248
814,PRINTING OF BOOKS,2012-13,14.34,53.494454132231404,767.1104722561984
815,COIR,2012-13,0.15,53.494454132231404,8.02416811983471
816,CONSTRUCTION,2012-13,283.89,53.494454132231404,15186.540583599173
817,CONSTRUCTION DEVELOPMENT,2012-13,1332.49,53.494454132231404,71280.82518665702
818,MISCELLANEOUS INDUSTRIES,2012-13,229.49,53.494454132231404,12276.442278805785
819,METALLURGICAL INDUSTRIES,2013-14,567.63,58.62880327868852,33279.46760508197
820,MINING,2013-14,12.73,58.62880327868852,746.3446657377049
821,POWER,2013-14,1066.08,58.62880327868852,62502.99459934425
822,NON-CONVENTIONAL ENERGY,2013-14,414.25,58.62880327868852,24286.98175819672
823,COAL PRODUCTION,2013-14,2.96,58.62880327868852,173.54125770491802
824,PETROLEUM & NATURAL GAS,2013-14,112.23,58.62880327868852,6579.910591967213
825,BOILERS AND STEAM GENERATING PLANTS,2013-14,0.17,58.62880327868852,9.96689655737705
826,PRIME MOVER,2013-14,212.78,58.62880327868852,12475.036761639343
827,ELECTRICAL EQUIPMENTS,2013-14,134.31,58.62880327868852,7874.434568360655
828,COMPUTER SOFTWARE & HARDWARE,2013-14,1126.27,58.62880327868852,66031.86226868852
829,ELECTRONICS,2013-14,132.58,58.62880327868852,7773.006738688525
830,TELECOMMUNICATIONS,2013-14,1306.95,58.62880327868852,76624.91444508197
831,INFORMATION & BROADCASTING,2013-14,428.52,58.62880327868852,25123.614780983604
832,AUTOMOBILE INDUSTRY,2013-14,1517.28,58.62880327868852,88956.31063868852
833,AIR TRANSPORT,2013-14,45.95,58.62880327868852,2693.9935106557377
834,SEA TRANSPORT,2013-14,20.49,58.62880327868852,1201.3041791803278
835,PORTS,2013-14,0.31,58.62880327868852,18.174929016393442
836,RAILWAY RELATED COMPONENTS,2013-14,236.93,58.62880327868852,13890.922360819672
837,INDUSTRIAL MACHINERY,2013-14,477.38,58.62880327868852,27988.218109180325
838,MACHINE TOOLS,2013-14,64.52,58.62880327868852,3782.7303875409834
839,AGRICULTURAL MACHINERY,2013-14,48.78,58.62880327868852,2859.9130239344263
840,EARTH-MOVING MACHINERY,2013-14,34.44,58.62880327868852,2019.1759849180326
841,MISCELLANEOUS MECHANICAL & ENGINEERING INDUSTRIES,2013-14,288.13,58.62880327868852,16892.717088688525
842,"COMMERCIAL, OFFICE & HOUSEHOLD EQUIPMENTS",2013-14,21.13,58.62880327868852,1238.8266132786885
843,MEDICAL AND SURGICAL APPLIANCES,2013-14,173.48,58.62880327868852,10170.924792786884
844,INDUSTRIAL INSTRUMENTS,2013-14,0.53,58.62880327868852,31.07326573770492
845,SCIENTIFIC INSTRUMENTS,2013-14,45.08,58.62880327868852,2642.9864518032787
846,"MATHEMATICAL,SURVEYING AND DRAWING INSTRUMENTS",2013-14,0.0,58.62880327868852,0.0
847,FERTILIZERS,2013-14,20.65,58.62880327868852,1210.6847877049179
848,CHEMICALS,2013-14,786.76,58.62880327868852,46126.797267540984
849,PHOTOGRAPHIC RAW FILM AND PAPER,2013-14,0.0,58.62880327868852,0.0
850,DYE-STUFFS,2013-14,0.0,58.62880327868852,0.0
851,DRUGS & PHARMACEUTICALS,2013-14,1279.34,58.62880327868852,75006.17318655737
852,TEXTILES,2013-14,198.86,58.62880327868852,11658.92382
853,PAPER AND PULP,2013-14,26.86,58.62880327868852,1574.7696560655736
854,SUGAR,2013-14,3.08,58.62880327868852,180.57671409836064
855,FERMENTATION INDUSTRIES,2013-14,814.58,58.62880327868852,47757.8505747541
856,FOOD PROCESSING INDUSTRIES,2013-14,3982.89,58.62880327868852,233512.07429065573
857,VEGETABLE OILS AND VANASPATI,2013-14,21.55,58.62880327868852,1263.4507106557378
858,"SOAPS, COSMETICS & TOILET PREPARATIONS",2013-14,108.44,58.62880327868852,6357.707427540983
859,RUBBER GOODS,2013-14,370.54,58.62880327868852,21724.316766885247
860,"LEATHER,LEATHER GOODS AND PICKERS",2013-14,6.14,58.62880327868852,359.9808521311475
861,GLUE AND GELATIN,2013-14,0.97,58.62880327868852,56.86993918032787
862,GLASS,2013-14,43.09,58.62880327868852,2526.315133278689
863,CERAMICS,2013-14,150.09,58.62880327868852,8799.597084098361
864,CEMENT AND GYPSUM PRODUCTS,2013-14,254.01,58.62880327868852,14892.302320819672
865,TIMBER PRODUCTS,2013-14,6.16,58.62880327868852,361.1534281967213
866,DEFENCE INDUSTRIES,2013-14,0.82,58.62880327868852,48.075618688524585
867,CONSULTANCY SERVICES,2013-14,285.85,58.62880327868852,16759.043417213117
868,SERVICES SECTOR,2013-14,2225.1,58.62880327868852,130454.95017540983
869,HOSPITAL & DIAGNOSTIC CENTRES,2013-14,684.58,58.62880327868852,40136.10614852459
870,EDUCATION,2013-14,262.09,58.62880327868852,15366.023051311473
871,HOTEL & TOURISM,2013-14,486.38,58.62880327868852,28515.877338688522
872,TRADING,2013-14,1343.39,58.62880327868852,78761.34803655738
873,RETAIL TRADING,2013-14,11.3,58.62880327868852,662.5054770491804
874,AGRICULTURE SERVICES,2013-14,91.01,58.62880327868852,5335.807386393442
875,"DIAMOND,GOLD ORNAMENTS",2013-14,42.56,58.62880327868852,2495.2418675409835
876,TEA AND COFFEE,2013-14,5.86,58.62880327868852,343.56478721311476
877,PRINTING OF BOOKS,2013-14,113.78,58.62880327868852,6670.78523704918
878,COIR,2013-14,0.54,58.62880327868852,31.659553770491804
879,CONSTRUCTION,2013-14,485.37,58.62880327868852,28456.662247377048
880,CONSTRUCTION DEVELOPMENT,2013-14,1226.05,58.62880327868852,71881.84425983606
881,MISCELLANEOUS INDUSTRIES,2013-14,468.74,58.62880327868852,27481.66524885246
882,METALLURGICAL INDUSTRIES,2014-15,359.34,61.02754618644068,21929.638446635592
883,MINING,2014-15,684.39,61.02754618644068,41766.64233453813
884,POWER,2014-15,707.04,61.02754618644068,43148.91625566102
885,NON-CONVENTIONAL ENERGY,2014-15,615.95,61.02754618644068,37589.91707353814
886,COAL PRODUCTION,2014-15,0.0,61.02754618644068,0.0
887,PETROLEUM & NATURAL GAS,2014-15,1079.02,61.02754618644068,65849.94288609322
888,BOILERS AND STEAM GENERATING PLANTS,2014-15,1.33,61.02754618644068,81.16663642796611
889,PRIME MOVER,2014-15,230.7,61.02754618644068,14079.054905211864
890,ELECTRICAL EQUIPMENTS,2014-15,574.83,61.02754618644068,35080.4643743517
891,COMPUTER SOFTWARE & HARDWARE,2014-15,2296.04,61.02754618644068,140121.68714591526
892,ELECTRONICS,2014-15,96.84,61.02754618644068,5909.907572694916
893,TELECOMMUNICATIONS,2014-15,2894.94,61.02754618644068,176671.0845569746
894,INFORMATION & BROADCASTING,2014-15,254.96,61.02754618644068,15559.583175694916
895,AUTOMOBILE INDUSTRY,2014-15,2725.64,61.02754618644068,166339.12098761016
896,AIR TRANSPORT,2014-15,74.56,61.02754618644068,4550.213843661018
897,SEA TRANSPORT,2014-15,333.22,61.02754618644068,20335.598940245764
898,PORTS,2014-15,1.9,61.02754618644068,115.95233775423729
899,RAILWAY RELATED COMPONENTS,2014-15,129.73,61.02754618644068,7917.1035667669485
900,INDUSTRIAL MACHINERY,2014-15,716.79,61.02754618644068,43743.93483097881
901,MACHINE TOOLS,2014-15,24.06,61.02754618644068,1468.3227612457626
902,AGRICULTURAL MACHINERY,2014-15,72.35,61.02754618644068,4415.342966588983
903,EARTH-MOVING MACHINERY,2014-15,30.11,61.02754618644068,1837.5394156737289
904,MISCELLANEOUS MECHANICAL & ENGINEERING INDUSTRIES,2014-15,186.69,61.02754618644068,11393.23259754661
905,"COMMERCIAL, OFFICE & HOUSEHOLD EQUIPMENTS",2014-15,33.39,61.02754618644068,2037.7097671652543
906,MEDICAL AND SURGICAL APPLIANCES,2014-15,145.93,61.02754618644068,8905.749814987288
907,INDUSTRIAL INSTRUMENTS,2014-15,0.85,61.02754618644068,51.873414258474575
908,SCIENTIFIC INSTRUMENTS,2014-15,32.34,61.02754618644068,1973.630843669492
909,"MATHEMATICAL,SURVEYING AND DRAWING INSTRUMENTS",2014-15,0.0,61.02754618644068,0.0
910,FERTILIZERS,2014-15,225.32,61.02754618644068,13750.726706728814
911,CHEMICALS,2014-15,762.76,61.02754618644068,46549.37112916949
912,PHOTOGRAPHIC RAW FILM AND PAPER,2014-15,0.75,61.02754618644068,45.77065963983051
913,DYE-STUFFS,2014-15,54.89,61.02754618644068,3349.802010173729
914,DRUGS & PHARMACEUTICALS,2014-15,1497.74,61.02754618644068,91403.39702527967
915,TEXTILES,2014-15,197.42,61.02754618644068,12048.058168127118
916,PAPER AND PULP,2014-15,116.21,61.02754618644068,7092.0111423262715
917,SUGAR,2014-15,27.77,61.02754618644068,1694.7349575974577
918,FERMENTATION INDUSTRIES,2014-15,225.38,61.02754618644068,13754.3883595
919,FOOD PROCESSING INDUSTRIES,2014-15,515.86,61.02754618644068,31481.66997573729
920,VEGETABLE OILS AND VANASPATI,2014-15,148.34,61.02754618644068,9052.826201296612
921,"SOAPS, COSMETICS & TOILET PREPARATIONS",2014-15,177.22,61.02754618644068,10815.301735161018
922,RUBBER GOODS,2014-15,284.51,61.02754618644068,17362.947165504236
923,"LEATHER,LEATHER GOODS AND PICKERS",2014-15,34.21,61.02754618644068,2087.7523550381356
924,GLUE AND GELATIN,2014-15,21.44,61.02754618644068,1308.4305902372882
925,GLASS,2014-15,41.82,61.02754618644068,2552.1719815169495
926,CERAMICS,2014-15,35.29,61.02754618644068,2153.6621049194914
927,CEMENT AND GYPSUM PRODUCTS,2014-15,208.99,61.02754618644068,12754.146877504238
928,TIMBER PRODUCTS,2014-15,8.97,61.02754618644068,547.4170892923729
929,DEFENCE INDUSTRIES,2014-15,0.08,61.02754618644068,4.882203694915255
930,CONSULTANCY SERVICES,2014-15,458.13,61.02754618644068,27958.54973439407
931,SERVICES SECTOR,2014-15,4443.26,61.02754618644068,271161.2548683644
932,HOSPITAL & DIAGNOSTIC CENTRES,2014-15,567.85,61.02754618644068,34654.49210197034
933,EDUCATION,2014-15,78.86,61.02754618644068,4812.632292262712
934,HOTEL & TOURISM,2014-15,777.01,61.02754618644068,47419.01366232627
935,TRADING,2014-15,2727.96,61.02754618644068,166480.70489476272
936,RETAIL TRADING,2014-15,168.72,61.02754618644068,10296.567592576272
937,AGRICULTURE SERVICES,2014-15,59.95,61.02754618644068,3658.601393877119
938,"DIAMOND,GOLD ORNAMENTS",2014-15,280.18,61.02754618644068,17098.69789051695
939,TEA AND COFFEE,2014-15,1.43,61.02754618644068,87.26939104661017
940,PRINTING OF BOOKS,2014-15,72.58,61.02754618644068,4429.379302211864
941,COIR,2014-15,1.36,61.02754618644068,82.99746281355934
942,CONSTRUCTION,2014-15,870.25,61.02754618644068,53109.22206875
943,CONSTRUCTION DEVELOPMENT,2014-15,769.14,61.02754618644068,46938.72687383898
944,MISCELLANEOUS INDUSTRIES,2014-15,765.88,61.02754618644068,46739.77707327119
945,METALLURGICAL INDUSTRIES,2015-16,456.31,64.1524825726141,29273.419322709542
946,MINING,2015-16,520.67,64.1524825726141,33402.27310108298
947,POWER,2015-16,868.8,64.1524825726141,55735.67685908713
948,NON-CONVENTIONAL ENERGY,2015-16,776.51,64.1524825726141,49815.04424246058
949,COAL PRODUCTION,2015-16,0.0,64.1524825726141,0.0
950,PETROLEUM & NATURAL GAS,2015-16,103.02,64.1524825726141,6608.9887546307045
951,BOILERS AND STEAM GENERATING PLANTS,2015-16,77.91,64.1524825726141,4998.119917232365
952,PRIME MOVER,2015-16,159.13,64.1524825726141,10208.584551780083
953,ELECTRICAL EQUIPMENTS,2015-16,444.88,64.1524825726141,28540.156446904562
954,COMPUTER SOFTWARE & HARDWARE,2015-16,5904.36,64.1524825726141,378779.3520024398
955,ELECTRONICS,2015-16,208.39,64.1524825726141,13368.735843307053
956,TELECOMMUNICATIONS,2015-16,1324.4,64.1524825726141,84963.54791917013
957,INFORMATION & BROADCASTING,2015-16,1009.34,64.1524825726141,64751.66675984232
958,AUTOMOBILE INDUSTRY,2015-16,2526.82,64.1524825726141,162101.77601413277
959,AIR TRANSPORT,2015-16,361.25,64.1524825726141,23175.084329356847
960,SEA TRANSPORT,2015-16,429.3,64.1524825726141,27540.660768423237
961,PORTS,2015-16,0.0,64.1524825726141,0.0
962,RAILWAY RELATED COMPONENTS,2015-16,73.99,64.1524825726141,4746.642185547717
963,INDUSTRIAL MACHINERY,2015-16,568.26,64.1524825726141,36455.28974671369
964,MACHINE TOOLS,2015-16,126.38,64.1524825726141,8107.5907475269705
965,AGRICULTURAL MACHINERY,2015-16,16.44,64.1524825726141,1054.6668134937759
966,EARTH-MOVING MACHINERY,2015-16,97.66,64.1524825726141,6265.131448041493
967,MISCELLANEOUS MECHANICAL & ENGINEERING INDUSTRIES,2015-16,274.57,64.1524825726141,17614.347139962654
968,"COMMERCIAL, OFFICE & HOUSEHOLD EQUIPMENTS",2015-16,36.68,64.1524825726141,2353.1130607634855
969,MEDICAL AND SURGICAL APPLIANCES,2015-16,173.26,64.1524825726141,11115.059130531119
970,INDUSTRIAL INSTRUMENTS,2015-16,7.42,64.1524825726141,476.01142068879665
971,SCIENTIFIC INSTRUMENTS,2015-16,6.36,64.1524825726141,408.0097891618257
972,"MATHEMATICAL,SURVEYING AND DRAWING INSTRUMENTS",2015-16,0.0,64.1524825726141,0.0
973,FERTILIZERS,2015-16,20.93,64.1524825726141,1342.7114602448132
974,CHEMICALS,2015-16,1469.95,64.1524825726141,94300.94175761411
975,PHOTOGRAPHIC RAW FILM AND PAPER,2015-16,0.0,64.1524825726141,0.0
976,DYE-STUFFS,2015-16,3.32,64.1524825726141,212.9862421410788
977,DRUGS & PHARMACEUTICALS,2015-16,754.26,64.1524825726141,48387.65150521992
978,TEXTILES,2015-16,230.13,64.1524825726141,14763.410814435683
979,PAPER AND PULP,2015-16,85.21,64.1524825726141,5466.433040012447
980,SUGAR,2015-16,105.85,64.1524825726141,6790.540280311203
981,FERMENTATION INDUSTRIES,2015-16,202.36,64.1524825726141,12981.896373394191
982,FOOD PROCESSING INDUSTRIES,2015-16,505.88,64.1524825726141,32453.457883834024
983,VEGETABLE OILS AND VANASPATI,2015-16,34.22,64.1524825726141,2195.2979536348544
984,"SOAPS, COSMETICS & TOILET PREPARATIONS",2015-16,193.26,64.1524825726141,12398.108781983401
985,RUBBER GOODS,2015-16,296.15,64.1524825726141,18998.757713879666
986,"LEATHER,LEATHER GOODS AND PICKERS",2015-16,17.13,64.1524825726141,1098.9320264688795
987,GLUE AND GELATIN,2015-16,0.82,64.1524825726141,52.605035709543564
988,GLASS,2015-16,25.78,64.1524825726141,1653.8510007219918
989,CERAMICS,2015-16,51.21,64.1524825726141,3285.2486325435684
990,CEMENT AND GYPSUM PRODUCTS,2015-16,19.69,64.1524825726141,1263.1623818547719
991,TIMBER PRODUCTS,2015-16,53.17,64.1524825726141,3410.987498385892
992,DEFENCE INDUSTRIES,2015-16,0.1,64.1524825726141,6.4152482572614105
993,CONSULTANCY SERVICES,2015-16,517.47,64.1524825726141,33196.98515685062
994,SERVICES SECTOR,2015-16,6889.46,64.1524825726141,441975.962584722
995,HOSPITAL & DIAGNOSTIC CENTRES,2015-16,742.35,64.1524825726141,47623.59543778008
996,EDUCATION,2015-16,230.78,64.1524825726141,14805.109928107882
997,HOTEL & TOURISM,2015-16,1332.69,64.1524825726141,85495.37199969709
998,TRADING,2015-16,3845.32,64.1524825726141,246686.82428612447
999,RETAIL TRADING,2015-16,262.24,64.1524825726141,16823.347029842324
1000,AGRICULTURE SERVICES,2015-16,84.65,64.1524825726141,5430.507649771785
1001,"DIAMOND,GOLD ORNAMENTS",2015-16,58.54,64.1524825726141,3755.4863298008295
1002,TEA AND COFFEE,2015-16,1.12,64.1524825726141,71.8507804813278
1003,PRINTING OF BOOKS,2015-16,122.81,64.1524825726141,7878.566384742739
1004,COIR,2015-16,0.0,64.1524825726141,0.0
1005,CONSTRUCTION,2015-16,4510.71,64.1524825726141,289373.2446651162
1006,CONSTRUCTION DEVELOPMENT,2015-16,112.55,64.1524825726141,7220.361913547717
1007,MISCELLANEOUS INDUSTRIES,2015-16,668.77,64.1524825726141,42903.25577008713
1008,METALLURGICAL INDUSTRIES,2016-17,1440.18,67.21317219917012,96799.06633780082
1009,MINING,2016-17,55.75,67.21317219917012,3747.134350103734
1010,POWER,2016-17,1112.98,67.21317219917012,74806.91639423236
1011,NON-CONVENTIONAL ENERGY,2016-17,783.57,67.21317219917012,52666.22534010373
1012,COAL PRODUCTION,2016-17,0.0,67.21317219917012,0.0
1013,PETROLEUM & NATURAL GAS,2016-17,180.4,67.21317219917012,12125.25626473029
1014,BOILERS AND STEAM GENERATING PLANTS,2016-17,53.91,67.21317219917012,3623.4621132572606
1015,PRIME MOVER,2016-17,286.88,67.21317219917012,19282.11484049792
1016,ELECTRICAL EQUIPMENTS,2016-17,2230.69,67.21317219917012,149931.7510929668
1017,COMPUTER SOFTWARE & HARDWARE,2016-17,3651.71,67.21317219917012,245443.0130514315
1018,ELECTRONICS,2016-17,83.97,67.21317219917012,5643.890069564314
1019,TELECOMMUNICATIONS,2016-17,5563.69,67.21317219917012,373953.2540328008
1020,INFORMATION & BROADCASTING,2016-17,1516.68,67.21317219917012,101940.87401103733
1021,AUTOMOBILE INDUSTRY,2016-17,1609.32,67.21317219917012,108167.50228356845
1022,AIR TRANSPORT,2016-17,83.4,67.21317219917012,5605.578561410788
1023,SEA TRANSPORT,2016-17,735.06,67.21317219917012,49405.71435672198
1024,PORTS,2016-17,0.0,67.21317219917012,0.0
1025,RAILWAY RELATED COMPONENTS,2016-17,87.57,67.21317219917012,5885.857489481326
1026,INDUSTRIAL MACHINERY,2016-17,329.3,67.21317219917012,22133.29760518672
1027,MACHINE TOOLS,2016-17,23.89,67.21317219917012,1605.7226838381741
1028,AGRICULTURAL MACHINERY,2016-17,15.19,67.21317219917012,1020.9680857053941
1029,EARTH-MOVING MACHINERY,2016-17,52.23,67.21317219917012,3510.543983962655
1030,MISCELLANEOUS MECHANICAL & ENGINEERING INDUSTRIES,2016-17,245.24,67.21317219917012,16483.35835012448
1031,"COMMERCIAL, OFFICE & HOUSEHOLD EQUIPMENTS",2016-17,7.44,67.21317219917012,500.0660011618257
1032,MEDICAL AND SURGICAL APPLIANCES,2016-17,479.71,67.21317219917012,32242.830835663895
1033,INDUSTRIAL INSTRUMENTS,2016-17,0.8,67.21317219917012,53.770537759336094
1034,SCIENTIFIC INSTRUMENTS,2016-17,76.66,67.21317219917012,5152.561780788381
1035,"MATHEMATICAL,SURVEYING AND DRAWING INSTRUMENTS",2016-17,0.0,67.21317219917012,0.0
1036,FERTILIZERS,2016-17,0.89,67.21317219917012,59.81972325726141
1037,CHEMICALS,2016-17,1392.8,67.21317219917012,93614.50623900414
1038,PHOTOGRAPHIC RAW FILM AND PAPER,2016-17,0.0,67.21317219917012,0.0
1039,DYE-STUFFS,2016-17,10.7,67.21317219917012,719.1809425311202
1040,DRUGS & PHARMACEUTICALS,2016-17,857.39,67.21317219917012,57627.90171184647
1041,TEXTILES,2016-17,618.95,67.21317219917012,41601.59293267634
1042,PAPER AND PULP,2016-17,197.61,67.21317219917012,13281.994958278008
1043,SUGAR,2016-17,15.92,67.21317219917012,1070.0337014107884
1044,FERMENTATION INDUSTRIES,2016-17,110.86,67.21317219917012,7451.252269999999
1045,FOOD PROCESSING INDUSTRIES,2016-17,727.22,67.21317219917012,48878.7630866805
1046,VEGETABLE OILS AND VANASPATI,2016-17,108.45,67.21317219917012,7289.2685249999995
1047,"SOAPS, COSMETICS & TOILET PREPARATIONS",2016-17,92.6,67.21317219917012,6223.9397456431525
1048,RUBBER GOODS,2016-17,262.76,67.21317219917012,17660.93312705394
1049,"LEATHER,LEATHER GOODS AND PICKERS",2016-17,2.3,67.21317219917012,154.59029605809127
1050,GLUE AND GELATIN,2016-17,90.6,67.21317219917012,6089.5134012448125
1051,GLASS,2016-17,51.69,67.21317219917012,3474.2488709751033
1052,CERAMICS,2016-17,15.4,67.21317219917012,1035.08285186722
1053,CEMENT AND GYPSUM PRODUCTS,2016-17,2130.1,67.21317219917012,143170.77810145225
1054,TIMBER PRODUCTS,2016-17,10.23,67.21317219917012,687.5907515975103
1055,DEFENCE INDUSTRIES,2016-17,0.0,67.21317219917012,0.0
1056,CONSULTANCY SERVICES,2016-17,261.14,67.21317219917012,17552.047788091284
1057,SERVICES SECTOR,2016-17,8684.07,67.21317219917012,583683.8922996472
1058,HOSPITAL & DIAGNOSTIC CENTRES,2016-17,747.38,67.21317219917012,50233.780638215765
1059,EDUCATION,2016-17,160.12,67.21317219917012,10762.17313253112
1060,HOTEL & TOURISM,2016-17,916.13,67.21317219917012,61576.00344682572
1061,TRADING,2016-17,2338.4,67.21317219917012,157171.28187053942
1062,RETAIL TRADING,2016-17,450.94,67.21317219917012,30309.107871493772
1063,AGRICULTURE SERVICES,2016-17,76.43,67.21317219917012,5137.102751182572
1064,"DIAMOND,GOLD ORNAMENTS",2016-17,123.92,67.21317219917012,8329.056298921161
1065,TEA AND COFFEE,2016-17,1.6,67.21317219917012,107.54107551867219
1066,PRINTING OF BOOKS,2016-17,53.17,67.21317219917012,3573.7243658298753
1067,COIR,2016-17,0.0,67.21317219917012,0.0
1068,CONSTRUCTION,2016-17,1860.73,67.21317219917012,125065.5659061618
1069,CONSTRUCTION DEVELOPMENT,2016-17,105.14,67.21317219917012,7066.792925020746
1070,MISCELLANEOUS INDUSTRIES,2016-17,296.4,67.21317219917012,19921.984239834022
